IAB,0050C29D8,"SAMSUNG HEAVY INDUSTRIES CO.,LTD.",Institute of industrial Technology Daejeon  KR 305-380 
IAB,0050C2E6C,"SAMSUNG Electronics Co.,Ltd.(LED Division)","San #24 Nongseo-Dong Yongin-City, Suwon-City Gyeonggi-do KR 446-711 "
MA-L,641B2F,"Samsung Electronics Co.,Ltd","#94-1, Imsoo-Dong Gumi Gyeongbuk KR 730-350 "
MA-L,9C73B1,"Samsung Electronics Co.,Ltd","#94-1, Imsoo-Dong Gumi Gyeongbuk KR 730-350 "
MA-L,388A06,"Samsung Electronics Co.,Ltd","#94-1, Imsoo-Dong Gumi Gyeongbuk KR 730-350 "
MA-L,48BCE1,"Samsung Electronics Co.,Ltd","#94-1, Imsoo-Dong Gumi Gyeongbuk KR 730-350 "
MA-L,D0D003,"Samsung Electronics Co.,Ltd","129, Samsung-ro, Youngtongl-Gu Suwon Gyeonggi-Do KR 16677 "
MA-L,240935,"Samsung Electronics Co.,Ltd","#94-1, Imsoo-Dong Gumi Gyeongbuk KR 730-350 "
MA-L,842289,"Samsung Electronics Co.,Ltd","#94-1, Imsoo-Dong Gumi Gyeongbuk KR 730-350 "
MA-L,80398C,"Samsung Electronics Co.,Ltd","#94-1, Imsoo-Dong Gumi Gyeongbuk KR 730-350 "
MA-L,980D6F,"Samsung Electronics Co.,Ltd","#94-1, Imsoo-Dong Gumi Gyeongbuk KR 730-350 "
MA-L,801970,"Samsung Electronics Co.,Ltd","#94-1, Imsoo-Dong Gumi Gyeongbuk KR 730-350 "
MA-L,30D587,"Samsung Electronics Co.,Ltd","#416, Maetan 3-dong Suwon-si Gyeonggi-do KR 443-742 "
MA-L,1CAF4A,"Samsung Electronics Co.,Ltd","129, Samsung-ro, Youngtongl-Gu Suwon Gyeonggi-Do KR 16677 "
MA-L,C8120B,"Samsung Electronics Co.,Ltd","129, Samsung-ro, Youngtongl-Gu Suwon Gyeonggi-Do KR 16677 "
MA-L,388F30,"Samsung Electronics Co.,Ltd","#94-1, Imsoo-Dong Gumi Gyeongbuk KR 730-350 "
MA-L,DCCCE6,"Samsung Electronics Co.,Ltd","#94-1, Imsoo-Dong Gumi Gyeongbuk KR 730-350 "
MA-L,F065AE,"Samsung Electronics Co.,Ltd","#94-1, Imsoo-Dong Gumi Gyeongbuk KR 730-350 "
MA-L,40E99B,SAMSUNG ELECTRO-MECHANICS(THAILAND),"93Moo5T. Bangsamak SEMTHAI, WELLGROW INDUSTRIAL ESTATE Bangpakong Chachoengsao TH 24180 "
MA-L,BC455B,"Samsung Electronics Co.,Ltd","129, Samsung-ro, Youngtongl-Gu Suwon Gyeonggi-Do KR 16677 "
MA-L,C41C07,"Samsung Electronics Co.,Ltd","#94-1, Imsoo-Dong Gumi Gyeongbuk KR 730-350 "
MA-L,4011C3,"Samsung Electronics Co.,Ltd","#94-1, Imsoo-Dong Gumi Gyeongbuk KR 730-350 "
MA-L,C47D9F,"Samsung Electronics Co.,Ltd","#94-1, Imsoo-Dong Gumi Gyeongbuk KR 730-350 "
MA-L,A0D7F3,"Samsung Electronics Co.,Ltd","129, Samsung-ro, Youngtongl-Gu Suwon Gyeonggi-Do KR 16677 "
MA-L,A4C69A,"Samsung Electronics Co.,Ltd","#94-1, Imsoo-Dong Gumi Gyeongbuk KR 730-350 "
MA-L,5444A3,"Samsung Electronics Co.,Ltd","129, Samsung-ro, Youngtongl-Gu Suwon Gyeonggi-Do KR 16677 "
MA-L,18CE94,"Samsung Electronics Co.,Ltd","#94-1, Imsoo-Dong Gumi Gyeongbuk KR 730-350 "
MA-L,783716,"Samsung Electronics Co.,Ltd","#94-1, Imsoo-Dong Gumi Gyeongbuk KR 730-350 "
MA-L,C418E9,"Samsung Electronics Co.,Ltd","#94-1, Imsoo-Dong Gumi Gyeongbuk KR 730-350 "
MA-L,1CE57F,"Samsung Electronics Co.,Ltd","#94-1, Imsoo-Dong Gumi Gyeongbuk KR 730-350 "
MA-L,98B8BC,"Samsung Electronics Co.,Ltd","#94-1, Imsoo-Dong Gumi Gyeongbuk KR 730-350 "
MA-L,184E16,"Samsung Electronics Co.,Ltd","#94-1, Imsoo-Dong Gumi Gyeongbuk KR 730-350 "
MA-L,C03D03,"Samsung Electronics Co.,Ltd","#94-1, Imsoo-Dong Gumi Gyeongbuk KR 730-350 "
MA-L,54219D,"Samsung Electronics Co.,Ltd","#94-1, Imsoo-Dong Gumi Gyeongbuk KR 730-350 "
MA-L,04BDBF,"Samsung Electronics Co.,Ltd","#94-1, Imsoo-Dong Gumi Gyeongbuk KR 730-350 "
MA-L,BC7ABF,"Samsung Electronics Co.,Ltd","#94-1, Imsoo-Dong Gumi Gyeongbuk KR 730-350 "
MA-L,60684E,"Samsung Electronics Co.,Ltd","#94-1, Imsoo-Dong Gumi Gyeongbuk KR 730-350 "
MA-L,8020FD,"Samsung Electronics Co.,Ltd","#94-1, Imsoo-Dong Gumi Gyeongbuk KR 730-350 "
MA-L,B4CE40,"Samsung Electronics Co.,Ltd","#94-1, Imsoo-Dong Gumi Gyeongbuk KR 730-350 "
MA-L,30AB6A,SAMSUNG ELECTRO-MECHANICS(THAILAND),"93Moo5T. Bangsamak SEMTHAI, WELLGROW INDUSTRIAL ESTATE Bangpakong Chachoengsao TH 24180 "
MA-L,B41A1D,"Samsung Electronics Co.,Ltd","#94-1, Imsoo-Dong Gumi Gyeongbuk KR 730-350 "
MA-L,F4FEFB,"Samsung Electronics Co.,Ltd","129, Samsung-ro, Youngtongl-Gu Suwon Gyeonggi-Do KR 16677 "
MA-L,70CE8C,"Samsung Electronics Co.,Ltd","#94-1, Imsoo-Dong Gumi Gyeongbuk KR 730-350 "
MA-L,0C2FB0,"Samsung Electronics Co.,Ltd","#94-1, Imsoo-Dong Gumi Gyeongbuk KR 730-350 "
MA-L,8CB84A,SAMSUNG ELECTRO-MECHANICS(THAILAND),"93Moo5T. Bangsamak SEMTHAI, WELLGROW INDUSTRIAL ESTATE Bangpakong Chachoengsao TH 24180 "
MA-L,88299C,"Samsung Electronics Co.,Ltd","#94-1, Imsoo-Dong Gumi Gyeongbuk KR 730-350 "
MA-L,7C8956,"Samsung Electronics Co.,Ltd","#94-1, Imsoo-Dong Gumi Gyeongbuk KR 730-350 "
MA-L,8C79F5,"Samsung Electronics Co.,Ltd","129, Samsung-ro, Youngtongl-Gu Suwon Gyeonggi-Do KR 16677 "
MA-L,D003DF,"Samsung Electronics Co.,Ltd","129, Samsung-ro, Youngtongl-Gu Suwon Gyeonggi-Do KR 16677 "
MA-L,FC039F,"Samsung Electronics Co.,Ltd","129, Samsung-ro, Youngtongl-Gu Suwon Gyeonggi-Do KR 16677 "
MA-L,A4D990,"Samsung Electronics Co.,Ltd","#94-1, Imsoo-Dong Gumi Gyeongbuk KR 730-350 "
MA-L,3C576C,"Samsung Electronics Co.,Ltd","#94-1, Imsoo-Dong Gumi Gyeongbuk KR 730-350 "
MA-L,08C5E1,SAMSUNG ELECTRO-MECHANICS(THAILAND),"93Moo5T. Bangsamak SEMTHAI, WELLGROW INDUSTRIAL ESTATE Bangpakong Chachoengsao TH 24180 "
MA-L,E4B021,"Samsung Electronics Co.,Ltd","#94-1,Imsoo-Dong Gumi Gyeongbuk KR 730-350 "
MA-L,C048E6,"Samsung Electronics Co.,Ltd","129, Samsung-ro, Youngtongl-Gu Suwon Gyeonggi-Do KR 16677 "
MA-L,08AED6,"Samsung Electronics Co.,Ltd","#94-1, Imsoo-Dong Gumi Gyeongbuk KR 730-350 "
MA-L,CC6EA4,"Samsung Electronics Co.,Ltd","129, Samsung-ro, Youngtongl-Gu Suwon Gyeonggi-Do KR 16677 "
MA-L,A816D0,"Samsung Electronics Co.,Ltd","#94-1, Imsoo-Dong Gumi Gyeongbuk KR 730-350 "
MA-L,A46CF1,"Samsung Electronics Co.,Ltd","#94-1, Imsoo-Dong Gumi Gyeongbuk KR 730-350 "
MA-L,9CE063,"Samsung Electronics Co.,Ltd","#94-1, Imsoo-Dong Gumi Gyeongbuk KR 730-350 "
MA-L,D03169,"Samsung Electronics Co.,Ltd","#94-1, Imsoo-Dong Gumi Gyeongbuk KR 730-350 "
MA-L,149F3C,"Samsung Electronics Co.,Ltd","#94-1, Imsoo-Dong Gumi Gyeongbuk KR 730-350 "
MA-L,7C6456,"Samsung Electronics Co.,Ltd","129, Samsung-ro, Youngtongl-Gu Suwon Gyeonggi-Do KR 16677 "
MA-L,389AF6,"Samsung Electronics Co.,Ltd","#94-1, Imsoo-Dong Gumi Gyeongbuk KR 730-350 "
MA-L,E0AA96,"Samsung Electronics Co.,Ltd","#94-1, Imsoo-Dong Gumi Gyeongbuk KR 730-350 "
MA-L,507705,"Samsung Electronics Co.,Ltd","#94-1, Imsoo-Dong Gumi Gyeongbuk KR 730-350 "
MA-L,9097F3,"Samsung Electronics Co.,Ltd","#94-1, Imsoo-Dong Gumi Gyeongbuk KR 730-350 "
MA-L,7C1C68,"Samsung Electronics Co.,Ltd","#94-1, Imsoo-Dong Gumi Gyeongbuk KR 730-350 "
MA-L,C087EB,"Samsung Electronics Co.,Ltd","#94-1, Imsoo-Dong Gumi Gyeongbuk KR 730-350 "
MA-L,C8D7B0,"Samsung Electronics Co.,Ltd","#94-1, Imsoo-Dong Gumi Gyeongbuk KR 730-350 "
MA-L,28395E,"Samsung Electronics Co.,Ltd","129, Samsung-ro, Youngtongl-Gu Suwon Gyeonggi-Do KR 16677 "
MA-L,3096FB,"Samsung Electronics Co.,Ltd","#94-1, Imsoo-Dong Gumi Gyeongbuk KR 730-350 "
MA-L,4827EA,"Samsung Electronics Co.,Ltd","#94-1, Imsoo-Dong Gumi Gyeongbuk KR 730-350 "
MA-L,7C787E,"Samsung Electronics Co.,Ltd","#94-1, Imsoo-Dong Gumi Gyeongbuk KR 730-350 "
MA-L,8CF5A3,SAMSUNG ELECTRO-MECHANICS(THAILAND),"93Moo5T. Bangsamak SEMTHAI, WELLGROW INDUSTRIAL ESTATE Bangpakong Chachoengsao TH 24180 "
MA-L,D47AE2,"Samsung Electronics Co.,Ltd","129, Samsung-ro, Youngtongl-Gu Suwon Gyeonggi-Do KR 16677 "
MA-L,D8E0E1,"Samsung Electronics Co.,Ltd","129, Samsung-ro, Youngtongl-Gu Suwon Gyeonggi-Do KR 16677 "
MA-L,F83F51,"Samsung Electronics Co.,Ltd","129, Samsung-ro, Youngtongl-Gu Suwon Gyeonggi-Do KR 16677 "
MA-L,60A4D0,"Samsung Electronics Co.,Ltd","#94-1, Imsoo-Dong Gumi Gyeongbuk KR 730-350 "
MA-L,008701,"Samsung Electronics Co.,Ltd","#94-1, Imsoo-Dong Gumi Gyeongbuk KR 730-350 "
MA-L,5C9960,"Samsung Electronics Co.,Ltd","#94-1, Imsoo-Dong Gumi Gyeongbuk KR 730-350 "
MA-L,101DC0,"Samsung Electronics Co.,Ltd","#94-1, Imsoo-Dong Gumi Gyeongbuk KR 730-350 "
MA-L,78471D,"Samsung Electronics Co.,Ltd","#94-1, Imsoo-Dong Gumi Gyeongbuk KR 730-350 "
MA-L,A07591,"Samsung Electronics Co.,Ltd","#94-1, Imsoo-Dong Gumi Gyeongbuk KR 730-350 "
MA-L,0CDFA4,"Samsung Electronics Co.,Ltd","#94-1, Imsoo-Dong Gumi Gyeongbuk KR 730-350 "
MA-L,68EBAE,"Samsung Electronics Co.,Ltd","#94-1, Imsoo-Dong Gumi Gyeongbuk KR 730-350 "
MA-L,444E1A,"Samsung Electronics Co.,Ltd","#94-1, Imsoo-Dong Gumi Gyeongbuk KR 730-350 "
MA-L,E47CF9,"Samsung Electronics Co.,Ltd","416, Maetan-3dong, Yeongtong-gu Suwon Gyeonggi-do KR 443742 "
MA-L,4844F7,"Samsung Electronics Co.,Ltd","416, Maetan-3dong, Yeongtong-gu Suwon Gyeonggi-do KR 443742 "
MA-L,001377,"Samsung Electronics Co.,Ltd","416, Maetan 3Dong, Yeongtong-Gu Suwon Geyonggi KR 443742 "
MA-L,002454,"Samsung Electronics Co.,Ltd","416, Maetan 3Dong, Yeongtong-Gu Suwon Geyonggi KR 443742 "
MA-L,E81132,"Samsung Electronics Co.,Ltd","416, Maetan 3Dong, Yeongtong-Gu Suwon Geyonggi KR 443742 "
MA-L,50B7C3,"Samsung Electronics Co.,Ltd","416, Maetan 3Dong, Yeongtong-Gu Suwon Geyonggi KR 443742 "
MA-L,1C5A3E,"Samsung Electronics Co.,Ltd","416, Maetan 3dong, Yeongtong-Gu Suwon  US 443742 "
MA-L,A02195,"Samsung Electronics Co.,Ltd","#416, Maetan 3-dong Suwon-si Gyeonggi-do KR 443-742 "
MA-L,5CA39D,"SAMSUNG ELECTRO MECHANICS CO., LTD.","314, Maetan3-Dong, Yeongtong-Gu Suwon  US 443-743 "
MA-L,90187C,"SAMSUNG ELECTRO MECHANICS CO., LTD.","314, Maetan3-Dong, Yeongtong-Gu Suwon KYUNGGI-DO KR 443-743 "
MA-L,50CCF8,"SAMSUNG ELECTRO MECHANICS CO., LTD.","Metan Dong 314, Youngtong Gu Suwon Kyung-gi Do. KR 443-743 "
MA-L,002637,"SAMSUNG ELECTRO MECHANICS CO., LTD.","314, Metan dong Suwon Kyung-ki do KR 443-743 "
MA-L,002119,"SAMSUNG ELECTRO MECHANICS CO., LTD.","314, Metan 3 dong Suwon Kyung-gi do KR 443-743 "
MA-L,F4D9FB,"Samsung Electronics Co.,Ltd","416, Maetan-3dong, Yeongtong-gu, Suwon Gyeonggi-do KR 443-742 "
MA-L,3C6200,"Samsung Electronics Co.,Ltd","416, Maetan-3dong, Yeongtong-gu, Suwon-City Gyeonggi-do KR 443-742 "
MA-L,0017D5,"Samsung Electronics Co.,Ltd",#94-1 Gumi-City Gyeong-Buk KR 730-350 
MA-L,001E7D,"Samsung Electronics Co.,Ltd","#94-1, Imsoo-Dong Gumi Gyeongbuk KR 730-350 "
MA-L,001DF6,"Samsung Electronics Co.,Ltd","#94-1, Imsoo-Dong Gumi Gyeongbuk KR 730-350 "
MA-L,001D25,"Samsung Electronics Co.,Ltd","#94-1, Imsoo-Dong Gumi Gyeongbuk KR 730-350 "
MA-L,F06BCA,"Samsung Electronics Co.,Ltd","#94-1,Imsoo-Dong Gumi Gyeongbuk KR 730-350 "
MA-L,AC3613,"Samsung Electronics Co.,Ltd","#94-1,Imsoo-Dong Gumi Gyeongbuk KR 730-350 "
MA-L,BC8CCD,SAMSUNG ELECTRO-MECHANICS(THAILAND),93Moo5T. Bangsamak Bangpakong  US 24180 
MA-L,D022BE,SAMSUNG ELECTRO-MECHANICS(THAILAND),93Moo5T. Bangsamak Bangpakong  US 24180 
MA-L,EC9BF3,SAMSUNG ELECTRO-MECHANICS(THAILAND),93Moo5T. Bangsamak Bangpakong Chachoengsao TH 24180 
MA-L,343111,"Samsung Electronics Co.,Ltd","#94-1,Imsoo-Dong Gumi Gyeongbuk KR 730-350 "
MA-L,08FD0E,"Samsung Electronics Co.,Ltd","#94-1,Imsoo-Dong Gumi Gyeongbuk KR 730-350 "
MA-L,041BBA,"Samsung Electronics Co.,Ltd","#94-1,Imsoo-Dong Gumi Gyeongbuk KR 730-350 "
MA-L,889B39,"Samsung Electronics Co.,Ltd","#94-1,Imsoo-Dong Gumi Gyeongbuk KR 730-350 "
MA-L,E432CB,"Samsung Electronics Co.,Ltd","#94-1,Imsoo-Dong Gumi Gyeongbuk KR 730-350 "
MA-L,10D542,"Samsung Electronics Co.,Ltd","#94-1,Imsoo-Dong Gumi Gyeongbuk KR 730-350 "
MA-L,A0821F,"Samsung Electronics Co.,Ltd","#94-1,Imsoo-Dong Gumi Gyeongbuk KR 730-350 "
MA-L,F409D8,SAMSUNG ELECTRO-MECHANICS(THAILAND),93Moo5T. Bangsamak Bangpakong Chachoengsao TH 24180 
MA-L,C06599,"Samsung Electronics Co.,Ltd","#94-1,Imsoo-Dong Gumi Gyeongbuk KR 730-350 "
MA-L,BC79AD,"Samsung Electronics Co.,Ltd","#94-1,Imsoo-Dong Gumi Gyeongbuk KR 730-350 "
MA-L,4C3C16,"Samsung Electronics Co.,Ltd","#94-1,Imsoo-Dong Gumi Gyeongbuk KR 730-350 "
MA-L,0073E0,"Samsung Electronics Co.,Ltd","#94-1,Imsoo-Dong Gumi Gyeongbuk KR 730-350 "
MA-L,F0E77E,"Samsung Electronics Co.,Ltd","#94-1, Imsoo-Dong Gumi Gyeongbuk KR 730-350 "
MA-L,F008F1,"Samsung Electronics Co.,Ltd","#94-1, Imsoo-Dong Gumi Gyeongbuk KR 730-350 "
MA-L,58C38B,"Samsung Electronics Co.,Ltd","#94-1, Imsoo-Dong Gumi Gyeongbuk KR 730-350 "
MA-L,00E3B2,"Samsung Electronics Co.,Ltd","#94-1,Imsoo-Dong Gumi Gyeongbuk KR 730-350 "
MA-L,301966,"Samsung Electronics Co.,Ltd","#94-1,Imsoo-Dong Gumi Gyeongbuk KR 730-350 "
MA-L,94350A,"Samsung Electronics Co.,Ltd","#94-1,Imsoo-Dong Gumi Gyeongbuk KR 730-350 "
MA-L,4849C7,"Samsung Electronics Co.,Ltd","#94-1, Imsoo-Dong Gumi Gyeongbuk KR 730-350 "
MA-L,849866,"Samsung Electronics Co.,Ltd","#94-1, Imsoo-Dong Gumi Gyeongbuk KR 730-350 "
MA-L,9476B7,"Samsung Electronics Co.,Ltd","#94-1, Imsoo-Dong Gumi Gyeongbuk KR 730-350 "
MA-L,4C6641,SAMSUNG ELECTRO-MECHANICS(THAILAND),"93Moo5T. Bangsamak SEMTHAI, WELLGROW INDUSTRIAL ESTATE Bangpakong Chachoengsao TH 24180 "
MA-L,B8BBAF,"Samsung Electronics Co.,Ltd","129, Samsung-ro, Youngtongl-Gu Suwon Gyeonggi-Do KR 16677 "
MA-L,60C5AD,"Samsung Electronics Co.,Ltd","129, Samsung-ro, Youngtongl-Gu Suwon Gyeonggi-Do KR 16677 "
MA-L,CCB11A,"Samsung Electronics Co.,Ltd","129, Samsung-ro, Youngtongl-Gu Suwon Gyeonggi-Do KR 16677 "
MA-L,E4FAED,"Samsung Electronics Co.,Ltd","#94-1, Imsoo-Dong Gumi Gyeongbuk KR 730-350 "
MA-L,288335,"Samsung Electronics Co.,Ltd","#94-1, Imsoo-Dong Gumi Gyeongbuk KR 730-350 "
MA-L,DCCF96,"Samsung Electronics Co.,Ltd","#94-1, Imsoo-Dong Gumi Gyeongbuk KR 730-350 "
MA-L,A80600,"Samsung Electronics Co.,Ltd","#94-1,Imsoo-Dong Gumi Gyeongbuk KR 730-350 "
MA-L,C4576E,"Samsung Electronics Co.,Ltd","129, Samsung-ro, Youngtongl-Gu Suwon Gyeonggi-Do KR 16677 "
MA-L,508569,"Samsung Electronics Co.,Ltd","129, Samsung-ro, Youngtongl-Gu Suwon Gyeonggi-Do KR 16677 "
MA-L,A0B4A5,"Samsung Electronics Co.,Ltd","#94-1, Imsoo-Dong Gumi Gyeongbuk KR 730-350 "
MA-L,E4F8EF,"Samsung Electronics Co.,Ltd","#94-1, Imsoo-Dong Gumi Gyeongbuk KR 730-350 "
MA-L,24F5AA,"Samsung Electronics Co.,Ltd","129, Samsung-ro, Youngtongl-Gu Suwon Gyeonggi-Do KR 16677 "
MA-L,988389,"Samsung Electronics Co.,Ltd","129, Samsung-ro, Youngtongl-Gu Suwon Gyeonggi-Do KR 16677 "
MA-L,84A466,"Samsung Electronics Co.,Ltd","129, Samsung-ro, Youngtongl-Gu Suwon Gyeonggi-Do KR 16677 "
MA-L,F05A09,"Samsung Electronics Co.,Ltd","#94-1,Imsoo-Dong Gumi Gyeongbuk KR 730-350 "
MA-L,503275,"Samsung Electronics Co.,Ltd","#94-1,Imsoo-Dong Gumi Gyeongbuk KR 730-350 "
MA-L,08FC88,"Samsung Electronics Co.,Ltd","#94-1,Imsoo-Dong Gumi Gyeongbuk KR 730-350 "
MA-L,F8D0BD,"Samsung Electronics Co.,Ltd","#94-1,Imsoo-Dong Gumi Gyeongbuk KR 730-350 "
MA-L,78595E,"Samsung Electronics Co.,Ltd","#94-1,Imsoo-Dong Gumi Gyeongbuk KR 730-350 "
MA-L,0C1420,"Samsung Electronics Co.,Ltd","#94-1,Imsoo-Dong Gumi Gyeongbuk KR 730-350 "
MA-L,94B10A,"Samsung Electronics Co.,Ltd","#94-1,Imsoo-Dong Gumi Gyeongbuk KR 730-350 "
MA-L,3CBBFD,"Samsung Electronics Co.,Ltd","#94-1,Imsoo-Dong Gumi Gyeongbuk KR 730-350 "
MA-L,A48431,"Samsung Electronics Co.,Ltd","#94-1,Imsoo-Dong Gumi Gyeongbuk KR 730-350 "
MA-L,205531,"Samsung Electronics Co.,Ltd","#94-1, Imsoo-Dong Gumi Gyeongbuk KR 730-350 "
MA-L,E8B4C8,"Samsung Electronics Co.,Ltd","#94-1, Imsoo-Dong Gumi Gyeongbuk KR 730-350 "
MA-L,D087E2,"Samsung Electronics Co.,Ltd","#94-1, Imsoo-Dong Gumi Gyeongbuk KR 730-350 "
MA-L,F05B7B,"Samsung Electronics Co.,Ltd","#94-1, Imsoo-Dong Gumi Gyeongbuk KR 730-350 "
MA-L,B047BF,"Samsung Electronics Co.,Ltd","#94-1, Imsoo-Dong Gumi Gyeongbuk KR 730-350 "
MA-L,7C0BC6,"Samsung Electronics Co.,Ltd","#94-1, Imsoo-Dong Gumi Gyeongbuk KR 730-350 "
MA-L,5440AD,"Samsung Electronics Co.,Ltd","#94-1, Imsoo-Dong Gumi Gyeongbuk KR 730-350 "
MA-L,FC8F90,"Samsung Electronics Co.,Ltd","129, Samsung-ro, Youngtongl-Gu Suwon Gyeonggi-Do KR 16677 "
MA-L,804E81,"Samsung Electronics Co.,Ltd","#94-1, Imsoo-Dong Gumi Gyeongbuk KR 730-350 "
MA-L,9CD35B,"Samsung Electronics Co.,Ltd","#94-1, Imsoo-Dong Gumi Gyeongbuk KR 730-350 "
MA-L,A89FBA,"Samsung Electronics Co.,Ltd","#94-1, Imsoo-Dong Gumi Gyeongbuk KR 730-350 "
MA-L,D059E4,"Samsung Electronics Co.,Ltd","#94-1, Imsoo-Dong Gumi Gyeongbuk KR 730-350 "
MA-L,14A364,"Samsung Electronics Co.,Ltd","#94-1, Imsoo-Dong Gumi Gyeongbuk KR 730-350 "
MA-L,002538,"Samsung Electronics Co., Ltd., Memory Division","San #16 Banwol-Dong, Taean-Gu Hwasung City Gyeonggi Do KR 445-701 "
MA-L,A8BA69,"Samsung Electronics Co.,Ltd","#94-1, Imsoo-Dong Gumi Gyeongbuk KR 730-350 "
MA-L,04E4B6,"Samsung Electronics Co.,Ltd","129, Samsung-ro, Youngtongl-Gu Suwon Gyeonggi-Do KR 16677 "
MA-L,E85497,"Samsung Electronics Co.,Ltd","#94-1, Imsoo-Dong Gumi Gyeongbuk KR 730-350 "
MA-L,14E01D,"Samsung Electronics Co.,Ltd","#94-1, Imsoo-Dong Gumi Gyeongbuk KR 730-350 "
MA-L,40DE24,"Samsung Electronics Co.,Ltd","#94-1, Imsoo-Dong Gumi Gyeongbuk KR 730-350 "
MA-L,94E6BA,"Samsung Electronics Co.,Ltd","129, Samsung-ro, Youngtongl-Gu Suwon Gyeonggi-Do KR 16677 "
MA-L,746DFA,"Samsung Electronics Co.,Ltd","129, Samsung-ro, Youngtongl-Gu Suwon Gyeonggi-Do KR 16677 "
MA-L,7C752D,"Samsung Electronics Co.,Ltd","#94-1, Imsoo-Dong Gumi Gyeongbuk KR 730-350 "
MA-L,84EEE4,"Samsung Electronics Co.,Ltd","#94-1, Imsoo-Dong Gumi Gyeongbuk KR 730-350 "
MA-L,FC936B,"Samsung Electronics Co.,Ltd","#94-1, Imsoo-Dong Gumi Gyeongbuk KR 730-350 "
MA-L,F42B8C,"Samsung Electronics Co.,Ltd","#94-1, Imsoo-Dong Gumi Gyeongbuk KR 730-350 "
MA-L,BC32B2,"Samsung Electronics Co.,Ltd","#94-1, Imsoo-Dong Gumi Gyeongbuk KR 730-350 "
MA-L,A49DDD,"Samsung Electronics Co.,Ltd","#94-1, Imsoo-Dong Gumi Gyeongbuk KR 730-350 "
MA-L,6C5563,"Samsung Electronics Co.,Ltd","#94-1, Imsoo-Dong Gumi Gyeongbuk KR 730-350 "
MA-L,4416FA,"Samsung Electronics Co.,Ltd","#94-1, Imsoo-Dong Gumi Gyeongbuk KR 730-350 "
MA-L,64B5F2,"Samsung Electronics Co.,Ltd","#94-1, Imsoo-Dong Gumi Gyeongbuk KR 730-350 "
MA-L,B0E45C,"Samsung Electronics Co.,Ltd","129, Samsung-ro, Youngtongl-Gu Suwon Gyeonggi-Do KR 16677 "
MA-L,D868A0,"Samsung Electronics Co.,Ltd","#94-1, Imsoo-Dong Gumi Gyeongbuk KR 730-350 "
MA-L,04292E,"Samsung Electronics Co.,Ltd","#94-1, Imsoo-Dong Gumi Gyeongbuk KR 730-350 "
MA-L,B04A6A,"Samsung Electronics Co.,Ltd","#94-1, Imsoo-Dong Gumi Gyeongbuk KR 730-350 "
MA-L,A8798D,"Samsung Electronics Co.,Ltd","#94-1, Imsoo-Dong Gumi Gyeongbuk KR 730-350 "
MA-L,5CEDF4,"Samsung Electronics Co.,Ltd","#94-1, Imsoo-Dong Gumi Gyeongbuk KR 730-350 "
MA-L,283DC2,"Samsung Electronics Co.,Ltd","#94-1, Imsoo-Dong Gumi Gyeongbuk KR 730-350 "
MA-L,44EA30,"Samsung Electronics Co.,Ltd","#94-1, Imsoo-Dong Gumi Gyeongbuk KR 730-350 "
MA-L,845F04,"Samsung Electronics Co.,Ltd","#94-1, Imsoo-Dong Gumi Gyeongbuk KR 730-350 "
MA-L,7CC225,"Samsung Electronics Co.,Ltd","#94-1, Imsoo-Dong Gumi Gyeongbuk KR 730-350 "
MA-L,C8418A,"Samsung Electronics.,LTD","129, Samsung-ro, Yeongtong-gu Suwon Gyeonggi-Do KR 443-742 "
MA-L,700971,"Samsung Electronics Co.,Ltd","129, Samsung-ro, Youngtongl-Gu Suwon Gyeonggi-Do KR 16677 "
MA-L,D01B49,"Samsung Electronics Co.,Ltd","#94-1, Imsoo-Dong Gumi Gyeongbuk KR 730-350 "
MA-L,808ABD,"Samsung Electronics Co.,Ltd","129, Samsung-ro, Youngtongl-Gu Suwon Gyeonggi-Do KR 16677 "
MA-L,C85142,"Samsung Electronics Co.,Ltd","#94-1, Imsoo-Dong Gumi Gyeongbuk KR 730-350 "
MA-L,10E4C2,"Samsung Electronics Co.,Ltd","#94-1, Imsoo-Dong Gumi Gyeongbuk KR 730-350 "
MA-L,0C8DCA,"Samsung Electronics Co.,Ltd","#94-1, Imsoo-Dong Gumi Gyeongbuk KR 730-350 "
MA-L,7C0A3F,"Samsung Electronics Co.,Ltd","129, Samsung-ro, Youngtongl-Gu Suwon Gyeonggi-Do KR 16677 "
MA-L,F03965,"Samsung Electronics Co.,Ltd","#94-1, Imsoo-Dong Gumi Gyeongbuk KR 730-350 "
MA-L,EC7CB6,"Samsung Electronics Co.,Ltd","#94-1, Imsoo-Dong Gumi Gyeongbuk KR 730-350 "
MA-L,58A639,"Samsung Electronics Co.,Ltd","#94-1, Imsoo-Dong Gumi Gyeongbuk KR 730-350 "
MA-L,5C10C5,"Samsung Electronics Co.,Ltd","#94-1, Imsoo-Dong Gumi Gyeongbuk KR 730-350 "
MA-L,E86DCB,"Samsung Electronics Co.,Ltd","#94-1, Imsoo-Dong Gumi Gyeongbuk KR 730-350 "
MA-L,4CC95E,"Samsung Electronics Co.,Ltd","129, Samsung-ro, Youngtongl-Gu Suwon Gyeonggi-Do KR 16677 "
MA-L,B46293,"Samsung Electronics Co.,Ltd","#94-1,Imsoo-Dong Gumi Gyeongbuk KR 730-350 "
MA-L,A027B6,"Samsung Electronics Co.,Ltd","#94-1, Imsoo-Dong Gumi Gyeongbuk KR 730-350 "
MA-L,103917,"Samsung Electronics Co.,Ltd","#94-1, Imsoo-Dong Gumi Gyeongbuk KR 730-350 "
MA-L,9880EE,"Samsung Electronics Co.,Ltd","#94-1, Imsoo-Dong Gumi Gyeongbuk KR 730-350 "
MA-L,90EEC7,"Samsung Electronics Co.,Ltd","#94-1, Imsoo-Dong Gumi Gyeongbuk KR 730-350 "
MA-L,1029AB,"Samsung Electronics Co.,Ltd","#94-1, Imsoo-Dong Gumi Gyeongbuk KR 730-350 "
MA-L,184ECB,"Samsung Electronics Co.,Ltd","#94-1, Imsoo-Dong Gumi Gyeongbuk KR 730-350 "
MA-L,5CC1D7,"Samsung Electronics Co.,Ltd","129, Samsung-ro, Youngtongl-Gu Suwon Gyeonggi-Do KR 16677 "
MA-L,5050A4,"Samsung Electronics Co.,Ltd","#94-1, Imsoo-Dong Gumi Gyeongbuk KR 730-350 "
MA-L,8086D9,"Samsung Electronics Co.,Ltd","#94-1, Imsoo-Dong Gumi Gyeongbuk KR 730-350 "
MA-L,386A77,"Samsung Electronics Co.,Ltd","#94-1, Imsoo-Dong Gumi Gyeongbuk KR 730-350 "
MA-L,749EF5,"Samsung Electronics Co.,Ltd","#94-1, Imsoo-Dong Gumi Gyeongbuk KR 730-350 "
MA-L,68BFC4,"Samsung Electronics Co.,Ltd","#94-1, Imsoo-Dong Gumi Gyeongbuk KR 730-350 "
MA-L,04B1A1,"Samsung Electronics Co.,Ltd","#94-1, Imsoo-Dong Gumi Gyeongbuk KR 730-350 "
MA-L,CC464E,"Samsung Electronics Co.,Ltd","#94-1, Imsoo-Dong Gumi Gyeongbuk KR 730-350 "
MA-L,00FA21,"Samsung Electronics Co.,Ltd","#94-1, Imsoo-Dong Gumi Gyeongbuk KR 730-350 "
MA-L,7C2302,"Samsung Electronics Co.,Ltd","#94-1, Imsoo-Dong Gumi Gyeongbuk KR 730-350 "
MA-L,D49DC0,"Samsung Electronics Co.,Ltd","129, Samsung-ro, Youngtongl-Gu Suwon Gyeonggi-Do KR 16677 "
MA-L,489DD1,"Samsung Electronics Co.,Ltd","#94-1, Imsoo-Dong Gumi Gyeongbuk KR 730-350 "
MA-L,B06FE0,"Samsung Electronics Co.,Ltd","#94-1, Imsoo-Dong Gumi Gyeongbuk KR 730-350 "
MA-L,60D0A9,"Samsung Electronics Co.,Ltd","#94-1, Imsoo-Dong Gumi Gyeongbuk KR 730-350 "
MA-L,007C2D,"Samsung Electronics Co.,Ltd","129, Samsung-ro, Youngtongl-Gu Suwon Gyeonggi-Do KR 16677 "
MA-L,007204,"Samsung Electronics Co., Ltd. ARTIK","1-1, Samsungjeonja-ro Hwaseong-si Gyeonggi-do KR 18448 "
MA-L,BCA58B,"Samsung Electronics Co.,Ltd","#94-1, Imsoo-Dong Gumi Gyeongbuk KR 730-350 "
MA-L,80CEB9,"Samsung Electronics Co.,Ltd","#94-1, Imsoo-Dong Gumi Gyeongbuk KR 730-350 "
MA-L,00C3F4,"Samsung Electronics Co.,Ltd","129, Samsung-ro, Youngtongl-Gu Suwon Gyeonggi-Do KR 16677 "
MA-L,FC643A,"Samsung Electronics Co.,Ltd","#94-1, Imsoo-Dong Gumi Gyeongbuk KR 730-350 "
MA-L,A8515B,"Samsung Electronics Co.,Ltd","#94-1, Imsoo-Dong Gumi Gyeongbuk KR 730-350 "
MA-L,88BD45,"Samsung Electronics Co.,Ltd","#94-1, Imsoo-Dong Gumi Gyeongbuk KR 730-350 "
MA-L,54FCF0,"Samsung Electronics Co.,Ltd","#94-1, Imsoo-Dong Gumi Gyeongbuk KR 730-350 "
MA-L,306A85,"Samsung Electronics Co.,Ltd","#94-1, Imsoo-Dong Gumi Gyeongbuk KR 730-350 "
MA-L,4CDD31,"Samsung Electronics Co.,Ltd","#94-1, Imsoo-Dong Gumi Gyeongbuk KR 730-350 "
MA-L,BC5451,"Samsung Electronics Co.,Ltd","#94-1, Imsoo-Dong Gumi Gyeongbuk KR 730-350 "
MA-L,D0B128,"Samsung Electronics Co.,Ltd","#94-1, Imsoo-Dong Gumi Gyeongbuk KR 730-350 "
MA-L,2C4053,"Samsung Electronics Co.,Ltd","129, Samsung-ro, Youngtongl-Gu Suwon Gyeonggi-Do KR 16677 "
MA-L,ACAFB9,"Samsung Electronics Co.,Ltd","#94-1, Imsoo-Dong Gumi Gyeongbuk KR 730-350 "
MA-L,900628,"Samsung Electronics Co.,Ltd","#94-1, Imsoo-Dong Gumi Gyeongbuk KR 730-350 "
MA-L,503DA1,"Samsung Electronics Co.,Ltd","129, Samsung-ro, Youngtongl-Gu Suwon Gyeonggi-Do KR 16677 "
MA-L,3C0518,"Samsung Electronics Co.,Ltd","#94-1, Imsoo-Dong Gumi Gyeongbuk KR 730-350 "
MA-L,38AA3C,"SAMSUNG ELECTRO MECHANICS CO., LTD.","314, Maetan3-Dong, Yeongtong-Gu Suwon  US 443-743 "
MA-L,EC107B,"Samsung Electronics Co.,Ltd","#94-1, Imsoo-Dong Gumi Gyeongbuk KR 730-350 "
MA-L,1C232C,"Samsung Electronics Co.,Ltd","#94-1, Imsoo-Dong Gumi Gyeongbuk KR 730-350 "
MA-L,60A10A,"Samsung Electronics Co.,Ltd","#94-1, Imsoo-Dong Gumi Gyeongbuk KR 730-350 "
MA-L,8C71F8,"Samsung Electronics Co.,Ltd","#94-1, Imsoo-Dong Gumi Gyeongbuk KR 730-350 "
MA-L,CC051B,"Samsung Electronics Co.,Ltd","#94-1, Imsoo-Dong Gumi Gyeongbuk KR 730-350 "
MA-L,8C7712,"Samsung Electronics Co.,Ltd","#94-1, Imsoo-Dong Gumi Gyeongbuk KR 730-350 "
MA-L,9463D1,"Samsung Electronics Co.,Ltd","#94-1, Imsoo-Dong Gumi Gyeongbuk KR 730-350 "
MA-L,0021D2,"Samsung Electronics Co.,Ltd","#94-1, Imsoo-Dong Gumi Gyeongbuk KR 730-350 "
MA-L,0021D1,"Samsung Electronics Co.,Ltd","#94-1, Imsoo-Dong Gumi Gyeongbuk KR 730-350 "
MA-L,001FCC,"Samsung Electronics Co.,Ltd","#94-1, Imsoo-Dong Gumi Gyeongbuk KR 730-350 "
MA-L,5C497D,"Samsung Electronics Co.,Ltd","129, Samsung-ro, Youngtongl-Gu Suwon Gyeonggi-Do KR 16677 "
MA-L,08D42B,"Samsung Electronics Co.,Ltd","#94-1, Imsoo-Dong Gumi Gyeongbuk KR 730-350 "
MA-L,789ED0,"Samsung Electronics Co.,Ltd","#94-1, Imsoo-Dong Gumi Gyeongbuk KR 730-350 "
MA-L,B0C4E7,"Samsung Electronics Co.,Ltd","#94-1, Imsoo-Dong Gumi Gyeongbuk KR 730-350 "
MA-L,C81479,"Samsung Electronics Co.,Ltd","#94-1,Imsoo-Dong Gumi Gyeongbuk KR 730-350 "
MA-L,1CAF05,"Samsung Electronics Co.,Ltd","#94-1,Imsoo-Dong Gumi Gyeongbuk KR 730-350 "
MA-L,24C696,"Samsung Electronics Co.,Ltd","#94-1,Imsoo-Dong Gumi Gyeongbuk KR 730-350 "
MA-L,94D771,"Samsung Electronics Co.,Ltd","#94-1,Imsoo-Dong Gumi Gyeongbuk KR 730-350 "
MA-L,E84E84,"Samsung Electronics Co.,Ltd","#94-1,Imsoo-Dong Gumi Gyeongbuk KR 730-350 "
MA-L,B0DF3A,"Samsung Electronics Co.,Ltd","#94-1,Imsoo-Dong Gumi Gyeongbuk KR 730-350 "
MA-L,805719,"Samsung Electronics Co.,Ltd","#94-1,Imsoo-Dong Gumi Gyeongbuk KR 730-350 "
MA-L,549B12,"Samsung Electronics Co.,Ltd","#94-1, Imsoo-Dong Gumi Gyeongbuk KR 730-350 "
MA-L,FCA13E,"Samsung Electronics Co.,Ltd","#94-1, Imsoo-Dong Gumi Gyeongbuk KR 730-350 "
MA-L,A00798,"Samsung Electronics Co.,Ltd","#94-1, Imsoo-Dong Gumi Gyeongbuk KR 730-350 "
MA-L,001FCD,"Samsung Electronics Co.,Ltd","#94-1, Imsoo-Dong Gumi Gyeongbuk KR 730-350 "
MA-L,38ECE4,"Samsung Electronics Co.,Ltd","#94-1, Imsoo-Dong Gumi Gyeongbuk KR 730-350 "
MA-L,7825AD,"Samsung Electronics Co.,Ltd","416, MAETAN-3DONG, PALDAL-GU SUWON CITY KYUNGKI-DO KR 442-742 "
MA-L,ECE09B,"Samsung Electronics Co.,Ltd","416, Maetan-3dong, Yeongtong-gu, Suwon-City Gyeonggi-do KR 443-742 "
MA-L,001632,"Samsung Electronics Co.,Ltd","416, METAN-3DONG, SUWON KYUNGKI-DO KR 442-742 "
MA-L,0016DB,"Samsung Electronics Co.,Ltd",#94-1 Gumi-City Gyeong-Buk KR 730-350 
MA-L,001EE2,"Samsung Electronics Co.,Ltd","#94-1, Imsoo-Dong Gumi Gyeongbuk KR 730-350 "
MA-L,002490,"Samsung Electronics Co.,Ltd","#94-1, Imsoo-Dong Gumi Gyeongbuk KR 730-350 "
MA-L,0023D7,"Samsung Electronics Co.,Ltd","#94-1, Imsoo-Dong Gumi Gyeongbuk KR 730-350 "
MA-L,945103,"Samsung Electronics Co.,Ltd","#94-1, Imsoo-Dong Gumi Gyeongbuk KR 730-350 "
MA-L,5CE8EB,"Samsung Electronics Co.,Ltd","#94-1, Imsoo-Dong Gumi Gyeongbuk KR 730-350 "
MA-L,BC20A4,"Samsung Electronics Co.,Ltd","#94-1, Imsoo-Dong Gumi Gyeongbuk KR 730-350 "
MA-L,E4E0C5,"Samsung Electronics Co.,Ltd","416, Maetan-3dong, Yeongtong-gu Suwon Gyeonggi-do KR 443742 "
MA-L,20D5BF,"Samsung Electronics Co.,Ltd","416, Maetan 3dong, Yeongtong-Gu Suwon Gyeonggi-Do KR 443742 "
MA-L,34BE00,"Samsung Electronics Co.,Ltd","#94-1,Imsoo-Dong Gumi Gyeongbuk KR 730-350 "
MA-L,78521A,"Samsung Electronics Co.,Ltd","#94-1,Imsoo-Dong Gumi Gyeongbuk KR 730-350 "
MA-L,78D6F0,"SAMSUNG ELECTRO MECHANICS CO., LTD.","Metan Dong 314, Youngtong Gu Suwon Kyung-gi Do. KR 443-743 "
MA-L,C0BDD1,SAMSUNG ELECTRO-MECHANICS(THAILAND),93Moo5T. Bangsamak Bangpakong Chachoengsao TH 24180 
MA-L,B479A7,SAMSUNG ELECTRO-MECHANICS(THAILAND),93Moo5T. Bangsamak Bangpakong Chachoengsao TH 24180 
MA-L,205EF7,"Samsung Electronics Co.,Ltd","#94-1, Imsoo-Dong Gumi Gyeongbuk KR 730-350 "
MA-L,141F78,"Samsung Electronics Co.,Ltd","#94-1, Imsoo-Dong Gumi Gyeongbuk KR 730-350 "
MA-L,B47443,"Samsung Electronics Co.,Ltd","#94-1, Imsoo-Dong Gumi Gyeongbuk KR 730-350 "
MA-L,F877B8,"Samsung Electronics Co.,Ltd","129, Samsung-ro, Youngtongl-Gu Suwon Gyeonggi-Do KR 16677 "
MA-L,182195,"Samsung Electronics Co.,Ltd","#94-1, Imsoo-Dong Gumi Gyeongbuk KR 730-350 "
MA-L,44783E,"Samsung Electronics Co.,Ltd","#94-1, Imsoo-Dong Gumi Gyeongbuk KR 730-350 "
MA-L,14BB6E,"Samsung Electronics Co.,Ltd","129, Samsung-ro, Youngtongl-Gu Suwon Gyeonggi-Do KR 16677 "
MA-L,28CC01,"Samsung Electronics Co.,Ltd","#94-1,Imsoo-Dong Gumi Gyeongbuk KR 730-350 "
MA-L,6CF373,"Samsung Electronics Co.,Ltd","#94-1,Imsoo-Dong Gumi Gyeongbuk KR 730-350 "
MA-L,9C3AAF,"Samsung Electronics Co.,Ltd","#94-1,Imsoo-Dong Gumi Gyeongbuk KR 730-350 "
MA-L,781FDB,"Samsung Electronics Co.,Ltd","#94-1,Imsoo-Dong Gumi Gyeongbuk KR 730-350 "
MA-L,183F47,"Samsung Electronics Co.,Ltd","#94-1,Imsoo-Dong Gumi Gyeongbuk KR 730-350 "
MA-L,B86CE8,"Samsung Electronics Co.,Ltd","#94-1, Imsoo-Dong Gumi Gyeongbuk KR 730-350 "
MA-L,0CB319,"Samsung Electronics Co.,Ltd","#94-1, Imsoo-Dong Gumi Gyeongbuk KR 730-350 "
MA-L,1867B0,"Samsung Electronics Co.,Ltd","129, Samsung-ro, Youngtongl-Gu Suwon Gyeonggi-Do KR 16677 "
MA-L,50A4C8,"Samsung Electronics Co.,Ltd","#94-1,Imsoo-Dong Gumi Gyeongbuk KR 730-350 "
MA-L,6C8336,"Samsung Electronics Co.,Ltd","#94-1,Imsoo-Dong Gumi Gyeongbuk KR 730-350 "
MA-L,4CA56D,"Samsung Electronics Co.,Ltd","#94-1, Imsoo-Dong Gumi Gyeongbuk KR 730-350 "
MA-L,ACEE9E,"Samsung Electronics Co.,Ltd","#94-1, Imsoo-Dong Gumi Gyeongbuk KR 730-350 "
MA-L,B857D8,"Samsung Electronics Co.,Ltd","#94-1, Imsoo-Dong Gumi Gyeongbuk KR 730-350 "
MA-L,08ECA9,"Samsung Electronics Co.,Ltd","#94-1, Imsoo-Dong Gumi Gyeongbuk KR 730-350 "
MA-L,AC5A14,"Samsung Electronics Co.,Ltd","#94-1, Imsoo-Dong Gumi Gyeongbuk KR 730-350 "
MA-L,7840E4,"Samsung Electronics Co.,Ltd","#94-1, Imsoo-Dong Gumi Gyeongbuk KR 730-350 "
MA-L,E09971,"Samsung Electronics Co.,Ltd","#94-1, Imsoo-Dong Gumi Gyeongbuk KR 730-350 "
MA-L,10D38A,"Samsung Electronics Co.,Ltd","#94-1, Imsoo-Dong Gumi Gyeongbuk KR 730-350 "
MA-L,6077E2,"Samsung Electronics Co.,Ltd","#94-1, Imsoo-Dong Gumi Gyeongbuk KR 730-350 "
MA-L,FC1910,"Samsung Electronics Co.,Ltd","#94-1, Imsoo-Dong Gumi Gyeongbuk KR 730-350 "
MA-L,14B484,"Samsung Electronics Co.,Ltd","#94-1, Imsoo-Dong Gumi Gyeongbuk KR 730-350 "
MA-L,3CA10D,"Samsung Electronics Co.,Ltd","#94-1, Imsoo-Dong Gumi Gyeongbuk KR 730-350 "
MA-L,646CB2,"Samsung Electronics Co.,Ltd","#94-1, Imsoo-Dong Gumi Gyeongbuk KR 730-350 "
MA-L,680571,"Samsung Electronics Co.,Ltd","#94-1, Imsoo-Dong Gumi Gyeongbuk KR 730-350 "
MA-L,000918,"SAMSUNG TECHWIN CO.,LTD",42 CHANGWON KYONGNAM KR 641-716 
MA-L,00E064,SAMSUNG ELECTRONICS,99 W. TASMAN DRIVE SAN JOSE CA US 95134 
MA-L,4C5739,"Samsung Electronics Co.,Ltd","129, Samsung-ro, Youngtongl-Gu Suwon Gyeonggi-Do KR 16677 "
MA-L,BCB2CC,"Samsung Electronics Co.,Ltd","#94-1, Imsoo-Dong Gumi Gyeongbuk KR 730-350 "
MA-L,08A5DF,"Samsung Electronics Co.,Ltd","#94-1, Imsoo-Dong Gumi Gyeongbuk KR 730-350 "
MA-L,3C0A7A,"Samsung Electronics Co.,Ltd","#94-1, Imsoo-Dong Gumi Gyeongbuk KR 730-350 "
MA-L,2424B7,"Samsung Electronics Co.,Ltd","#94-1, Imsoo-Dong Gumi Gyeongbuk KR 730-350 "
MA-L,F0051B,"Samsung Electronics Co.,Ltd","#94-1, Imsoo-Dong Gumi Gyeongbuk KR 730-350 "
MA-L,BCA080,"Samsung Electronics Co.,Ltd","#94-1, Imsoo-Dong Gumi Gyeongbuk KR 730-350 "
MA-L,002B70,"Samsung Electronics Co.,Ltd","#94-1, Imsoo-Dong Gumi Gyeongbuk KR 730-350 "
MA-L,2015DE,"Samsung Electronics Co.,Ltd","129, Samsung-ro, Youngtongl-Gu Suwon Gyeonggi-Do KR 16677 "
MA-L,CCE9FA,"Samsung Electronics Co.,Ltd","#94-1, Imsoo-Dong Gumi Gyeongbuk KR 730-350 "
MA-L,6466D8,"Samsung Electronics Co.,Ltd","#94-1, Imsoo-Dong Gumi Gyeongbuk KR 730-350 "
MA-L,2C9975,"Samsung Electronics Co.,Ltd","129, Samsung-ro, Youngtongl-Gu Suwon Gyeonggi-Do KR 16677 "
MA-L,800794,"Samsung Electronics Co.,Ltd","#94-1, Imsoo-Dong Gumi Gyeongbuk KR 730-350 "
MA-L,182654,"Samsung Electronics Co.,Ltd","#94-1, Imsoo-Dong Gumi Gyeongbuk KR 730-350 "
MA-L,CCF826,"Samsung Electronics Co.,Ltd","#94-1, Imsoo-Dong Gumi Gyeongbuk KR 730-350 "
MA-L,E8AACB,"Samsung Electronics Co.,Ltd","129, Samsung-ro, Youngtongl-Gu Suwon Gyeonggi-Do KR 16677 "
MA-L,24F0D3,"Samsung Electronics Co.,Ltd","#94-1, Imsoo-Dong Gumi Gyeongbuk KR 730-350 "
MA-L,582071,"Samsung Electronics Co.,Ltd","#94-1, Imsoo-Dong Gumi Gyeongbuk KR 730-350 "
MA-L,E4ECE8,"Samsung Electronics Co.,Ltd","#94-1, Imsoo-Dong Gumi Gyeongbuk KR 730-350 "
MA-L,C8908A,"Samsung Electronics Co.,Ltd","#94-1, Imsoo-Dong Gumi Gyeongbuk KR 730-350 "
MA-L,405EF6,"Samsung Electronics Co.,Ltd","#94-1, Imsoo-Dong Gumi Gyeongbuk KR 730-350 "
MA-L,945244,"Samsung Electronics Co.,Ltd","#94-1, Imsoo-Dong Gumi Gyeongbuk KR 730-350 "
MA-L,9C2E7A,"Samsung Electronics Co.,Ltd","#94-1, Imsoo-Dong Gumi Gyeongbuk KR 730-350 "
MA-L,B8B409,"Samsung Electronics Co.,Ltd","129, Samsung-ro, Youngtongl-Gu Suwon Gyeonggi-Do KR 16677 "
MA-L,E0036B,"Samsung Electronics Co.,Ltd","129, Samsung-ro, Youngtongl-Gu Suwon Gyeonggi-Do KR 16677 "
MA-L,1869D4,"Samsung Electronics Co.,Ltd","#94-1, Imsoo-Dong Gumi Gyeongbuk KR 730-350 "
MA-L,B099D7,"Samsung Electronics Co.,Ltd","129, Samsung-ro, Youngtongl-Gu Suwon Gyeonggi-Do KR 16677 "
MA-L,D004B0,"Samsung Electronics Co.,Ltd","#94-1, Imsoo-Dong Gumi Gyeongbuk KR 730-350 "
MA-L,98B08B,"Samsung Electronics Co.,Ltd","#94-1, Imsoo-Dong Gumi Gyeongbuk KR 730-350 "
MA-L,9C2595,"Samsung Electronics Co.,Ltd","#94-1, Imsoo-Dong Gumi Gyeongbuk KR 730-350 "
MA-L,1C869A,"Samsung Electronics Co.,Ltd","129, Samsung-ro, Youngtongl-Gu Suwon Gyeonggi-Do KR 16677 "
MA-L,4861EE,"Samsung Electronics Co.,Ltd","#94-1, Imsoo-Dong Gumi Gyeongbuk KR 730-350 "
MA-L,A84B4D,"Samsung Electronics Co.,Ltd","#94-1, Imsoo-Dong Gumi Gyeongbuk KR 730-350 "
MA-L,F4F309,"Samsung Electronics Co.,Ltd","#94-1, Imsoo-Dong Gumi Gyeongbuk KR 730-350 "
MA-L,908175,"Samsung Electronics Co.,Ltd","#94-1, Imsoo-Dong Gumi Gyeongbuk KR 730-350 "
MA-L,307467,"Samsung Electronics Co.,Ltd","#94-1, Imsoo-Dong Gumi Gyeongbuk KR 730-350 "
MA-L,F0CD31,"Samsung Electronics Co.,Ltd","#94-1, Imsoo-Dong Gumi Gyeongbuk KR 730-350 "
MA-L,04B9E3,"Samsung Electronics Co.,Ltd","129, Samsung-ro, Youngtongl-Gu Suwon Gyeonggi-Do KR 16677 "
MA-L,A0D722,"Samsung Electronics Co.,Ltd","#94-1, Imsoo-Dong Gumi Gyeongbuk KR 730-350 "
MA-L,5049B0,"Samsung Electronics Co.,Ltd","#94-1, Imsoo-Dong Gumi Gyeongbuk KR 730-350 "
MA-L,18BFB3,"Samsung Electronics Co., Ltd., Memory Division","1, Samsungjeonja-ro Hwaseong-si Gyeonggi-do KR 18448 "
MA-L,D8A35C,"Samsung Electronics Co.,Ltd","129, Samsung-ro, Youngtongl-Gu Suwon Gyeonggi-Do KR 16677 "
MA-L,102B41,"Samsung Electronics Co.,Ltd","129, Samsung-ro, Youngtongl-Gu Suwon Gyeonggi-Do KR 16677 "
MA-L,8CDEE6,"Samsung Electronics Co.,Ltd","#94-1, Imsoo-Dong Gumi Gyeongbuk KR 730-350 "
MA-L,10EC81,"Samsung Electronics Co.,Ltd","#94-1, Imsoo-Dong Gumi Gyeongbuk KR 730-350 "
MA-L,C45D83,"Samsung Electronics Co.,Ltd","#94-1, Imsoo-Dong Gumi Gyeongbuk KR 730-350 "
MA-L,E0C377,"Samsung Electronics Co.,Ltd","#94-1, Imsoo-Dong Gumi Gyeongbuk KR 730-350 "
MA-L,64037F,"Samsung Electronics Co.,Ltd","#94-1, Imsoo-Dong Gumi Gyeongbuk KR 730-350 "
MA-L,B49D02,"Samsung Electronics Co.,Ltd","#94-1, Imsoo-Dong Gumi Gyeongbuk KR 730-350 "
MA-L,809FF5,"Samsung Electronics Co.,Ltd","#94-1, Imsoo-Dong Gumi Gyeongbuk KR 730-350 "
MA-L,1CE61D,"Samsung Electronics Co.,Ltd","#94-1, Imsoo-Dong Gumi Gyeongbuk KR 730-350 "
MA-L,6C2F8A,"Samsung Electronics Co.,Ltd","#94-1, Imsoo-Dong Gumi Gyeongbuk KR 730-350 "
MA-L,08BFA0,"Samsung Electronics Co.,Ltd","#94-1, Imsoo-Dong Gumi Gyeongbuk KR 730-350 "
MA-L,701F3C,"Samsung Electronics Co.,Ltd","#94-1, Imsoo-Dong Gumi Gyeongbuk KR 730-350 "
MA-L,D48A39,"Samsung Electronics Co.,Ltd","#94-1, Imsoo-Dong Gumi Gyeongbuk KR 730-350 "
MA-L,E4F3C4,"Samsung Electronics Co.,Ltd","#94-1, Imsoo-Dong Gumi Gyeongbuk KR 730-350 "
MA-L,807B3E,"Samsung Electronics Co.,Ltd","#94-1, Imsoo-Dong Gumi Gyeongbuk KR 730-350 "
MA-L,F8F1E6,"Samsung Electronics Co.,Ltd","#94-1, Imsoo-Dong Gumi Gyeongbuk KR 730-350 "
MA-L,88A303,"Samsung Electronics Co.,Ltd","#94-1, Imsoo-Dong Gumi Gyeongbuk KR 730-350 "
MA-L,FCDE90,"Samsung Electronics Co.,Ltd","#94-1, Imsoo-Dong Gumi Gyeongbuk KR 730-350 "
MA-L,1854CF,"Samsung Electronics Co.,Ltd","#94-1, Imsoo-Dong Gumi Gyeongbuk KR 730-350 "
MA-L,E0D083,"Samsung Electronics Co.,Ltd","#94-1, Imsoo-Dong Gumi Gyeongbuk KR 730-350 "
MA-L,D80B9A,"Samsung Electronics Co.,Ltd","#94-1, Imsoo-Dong Gumi Gyeongbuk KR 730-350 "
MA-L,8031F0,"Samsung Electronics Co.,Ltd","129, Samsung-ro, Youngtongl-Gu Suwon Gyeonggi-Do KR 16677 "
MA-L,8CE5C0,"Samsung Electronics Co.,Ltd","#94-1, Imsoo-Dong Gumi Gyeongbuk KR 730-350 "
MA-L,F08A76,"Samsung Electronics Co.,Ltd","#94-1, Imsoo-Dong Gumi Gyeongbuk KR 730-350 "
MA-L,ECAA25,"Samsung Electronics Co.,Ltd","#94-1, Imsoo-Dong Gumi Gyeongbuk KR 730-350 "
MA-L,687D6B,"Samsung Electronics Co.,Ltd","#94-1, Imsoo-Dong Gumi Gyeongbuk KR 730-350 "
MA-L,485169,"Samsung Electronics Co.,Ltd","#94-1, Imsoo-Dong Gumi Gyeongbuk KR 730-350 "
MA-L,A8DB03,SAMSUNG ELECTRO-MECHANICS(THAILAND),"93Moo5T. Bangsamak SEMTHAI, WELLGROW INDUSTRIAL ESTATE Bangpakong Chachoengsao TH 24180 "
MA-L,3C20F6,"Samsung Electronics Co.,Ltd","#94-1, Imsoo-Dong Gumi Gyeongbuk KR 730-350 "
MA-L,7C38AD,"Samsung Electronics Co.,Ltd","#94-1, Imsoo-Dong Gumi Gyeongbuk KR 730-350 "
MA-L,A8346A,"Samsung Electronics Co.,Ltd","#94-1, Imsoo-Dong Gumi Gyeongbuk KR 730-350 "
MA-L,F47DEF,"Samsung Electronics Co.,Ltd","#94-1, Imsoo-Dong Gumi Gyeongbuk KR 730-350 "
MA-L,7C8BB5,"Samsung Electronics Co.,Ltd","#94-1, Imsoo-Dong Gumi Gyeongbuk KR 730-350 "
MA-L,00B5D0,"Samsung Electronics Co.,Ltd","#94-1, Imsoo-Dong Gumi Gyeongbuk KR 730-350 "
MA-L,1496E5,"Samsung Electronics Co.,Ltd","#94-1, Imsoo-Dong Gumi Gyeongbuk KR 730-350 "
MA-L,D07FA0,"Samsung Electronics Co.,Ltd","#94-1, Imsoo-Dong Gumi Gyeongbuk KR 730-350 "
MA-L,8CB0E9,"Samsung Electronics.,LTD","129, Samsung-ro, Yeongtong-gu Suwon Gyeonggi-Do KR 443-742 "
MA-L,A8CAB9,"SAMSUNG ELECTRO MECHANICS CO., LTD.","314, Maetan3-Dong, Yeongtong-Gu SUWON KYUNGGI-DO KR 443-743 "
MA-L,108EE0,"Samsung Electronics Co.,Ltd","#94-1, Imsoo-Dong Gumi Gyeongbuk KR 730-350 "
MA-L,FCA621,"Samsung Electronics Co.,Ltd","#94-1, Imsoo-Dong Gumi Gyeongbuk KR 730-350 "
MA-L,641CAE,"Samsung Electronics Co.,Ltd","129, Samsung-ro, Youngtongl-Gu Suwon Gyeonggi-Do KR 16677 "
MA-L,F4C248,"Samsung Electronics Co.,Ltd","#94-1, Imsoo-Dong Gumi Gyeongbuk KR 730-350 "
MA-L,F47190,"Samsung Electronics Co.,Ltd","#94-1, Imsoo-Dong Gumi Gyeongbuk KR 730-350 "
MA-L,2802D8,"Samsung Electronics Co.,Ltd","#94-1, Imsoo-Dong Gumi Gyeongbuk KR 730-350 "
MA-L,48C796,"Samsung Electronics Co.,Ltd","#94-1, Imsoo-Dong Gumi Gyeongbuk KR 730-350 "
MA-L,641CB0,"Samsung Electronics Co.,Ltd","129, Samsung-ro, Youngtongl-Gu Suwon Gyeonggi-Do KR 16677 "
MA-L,24181D,SAMSUNG ELECTRO-MECHANICS(THAILAND),"93Moo5T. Bangsamak SEMTHAI, WELLGROW INDUSTRIAL ESTATE Bangpakong Chachoengsao TH 24180 "
MA-L,54B802,"Samsung Electronics Co.,Ltd","#94-1, Imsoo-Dong Gumi Gyeongbuk KR 730-350 "
MA-L,448F17,"Samsung Electronics Co., Ltd. ARTIK","1-1, Samsungjeonja-ro Hwaseong-si Gyeonggi-do KR 18448 "
MA-L,DC44B6,"Samsung Electronics Co.,Ltd","#94-1, Imsoo-Dong Gumi Gyeongbuk KR 730-350 "
MA-L,1007B6,"Samsung Electronics Co.,Ltd","#94-1, Imsoo-Dong Gumi Gyeongbuk KR 730-350 "
MA-L,342D0D,"Samsung Electronics Co.,Ltd","#94-1, Imsoo-Dong Gumi Gyeongbuk KR 730-350 "
MA-L,54BD79,"Samsung Electronics Co.,Ltd","129, Samsung-ro, Youngtongl-Gu Suwon Gyeonggi-Do KR 16677 "
MA-L,30074D,SAMSUNG ELECTRO-MECHANICS(THAILAND),"93Moo5T. Bangsamak SEMTHAI, WELLGROW INDUSTRIAL ESTATE Bangpakong Chachoengsao TH 24180 "
MA-L,947BE7,"Samsung Electronics Co.,Ltd","#94-1, Imsoo-Dong Gumi Gyeongbuk KR 730-350 "
MA-L,5092B9,"Samsung Electronics Co.,Ltd","#94-1, Imsoo-Dong Gumi Gyeongbuk KR 730-350 "
MA-L,DC74A8,"Samsung Electronics Co.,Ltd","#94-1, Imsoo-Dong Gumi Gyeongbuk KR 730-350 "
MA-L,C4AE12,"Samsung Electronics Co.,Ltd","129, Samsung-ro, Youngtongl-Gu Suwon Gyeonggi-Do KR 16677 "
MA-L,D4AE05,"Samsung Electronics Co.,Ltd","#94-1, Imsoo-Dong Gumi Gyeongbuk KR 730-350 "
MA-L,F0EE10,"Samsung Electronics Co.,Ltd","#94-1, Imsoo-Dong Gumi Gyeongbuk KR 730-350 "
MA-L,20DBAB,"Samsung Electronics Co., Ltd.","416, Maetan-3Dong, Yeongtong-Gu Suwon Geyonggi-Do KR 443-742 "
MA-L,C87E75,"Samsung Electronics Co.,Ltd","#94-1, Imsoo-Dong Gumi Gyeongbuk KR 730-350 "
MA-L,00265F,"Samsung Electronics Co.,Ltd","#94-1, Imsoo-Dong Gumi Gyeongbuk KR 730-350 "
MA-L,00233A,"Samsung Electronics Co.,Ltd","#94-1, Imsoo-Dong Gumi Gyeongbuk KR 730-350 "
MA-L,0007AB,"Samsung Electronics Co.,Ltd","#94-1, Imsoo-Dong Gumi Gyeongbuk KR 730-350 "
MA-L,E8E5D6,"Samsung Electronics Co.,Ltd","#94-1, Imsoo-Dong Gumi Gyeongbuk KR 730-350 "
MA-L,382DD1,"Samsung Electronics Co.,Ltd","#94-1, Imsoo-Dong Gumi Gyeongbuk KR 730-350 "
MA-L,FC1F19,"SAMSUNG ELECTRO MECHANICS CO., LTD.","314, Maetan3-Dong, Yeongtong-Gu Suwon  US 443-743 "
MA-L,840B2D,"SAMSUNG ELECTRO MECHANICS CO., LTD.","314, Maetan3-Dong, Yeongtong-Gu SUWON KYUNGGI-DO KR 443-743 "
MA-L,206432,"SAMSUNG ELECTRO MECHANICS CO., LTD.","314, Maetan3-Dong, Yeongtong-Gu Suwon Gyunggi-Do KR 443-743 "
MA-L,B407F9,"SAMSUNG ELECTRO MECHANICS CO., LTD.","Suwon-Si, Gyeonggi_Do, Korea Suwon Gyeonggi_Do KR 443-743 "
MA-L,D0667B,"Samsung Electronics Co.,Ltd","416, Maetan-3dong, Yeongtong-gu Suwon Gyeonggi-do KR 443742 "
MA-L,E8039A,"Samsung Electronics Co.,Ltd","416, Maetan 3Dong, Yeongtong-Gu Suwon Geyonggi KR 443742 "
MA-L,30CDA7,"Samsung Electronics Co.,Ltd",416 MAETAN 3-DONG SUWON- SI  US 443-742 
MA-L,3C8BFE,"Samsung Electronics Co.,Ltd","#94-1, Imsoo-Dong Gumi Gyeongbuk KR 730-350 "
MA-L,D4E8B2,"Samsung Electronics Co.,Ltd","#94-1, Imsoo-Dong Gumi Gyeongbuk KR 730-350 "
MA-L,002339,"Samsung Electronics Co.,Ltd","#94-1, Imsoo-Dong Gumi Gyeongbuk KR 730-350 "
MA-L,5001BB,"Samsung Electronics Co.,Ltd","#94-1, Imsoo-Dong Gumi Gyeongbuk KR 730-350 "
MA-L,00166C,"Samsung Electronics Co.,Ltd","416, Maetan-3Dong,Yeongtong-Gu Suwon Gyeonggi-Do KR 443-742 "
MA-L,001599,"Samsung Electronics Co.,Ltd","416, Maetan-3Dong, Yeongtong-Gu Suwon AL US 443-742 "
MA-L,0012FB,"Samsung Electronics Co.,Ltd","416, Maetan-3Dong, Yeongtong-Gu Suwon-City Gyeonggi-Do KR 443-742 "
MA-L,001247,"Samsung Electronics Co.,Ltd","#94-1, Imsoo-Dong Gumi-City Gyeong-Buk KR 730-350 "
MA-L,0015B9,"Samsung Electronics Co.,Ltd",#94-1 Gumi-City Gyeong-Buk KR 730-350 
MA-L,002491,"Samsung Electronics Co.,Ltd","#94-1, Imsoo-Dong Gumi Gyeongbuk KR 730-350 "
MA-L,C8BA94,SAMSUNG ELECTRO-MECHANICS(THAILAND),93Moo5T. Bangsamak Bangpakong Chachoengsao TH 24180 
MA-L,843838,SAMSUNG ELECTRO-MECHANICS(THAILAND),93Moo5T. Bangsamak Bangpakong Chachoengsao TH 24180 
MA-L,54880E,SAMSUNG ELECTRO-MECHANICS(THAILAND),93Moo5T. Bangsamak Bangpakong Chachoengsao TH 24180 
MA-L,F025B7,SAMSUNG ELECTRO-MECHANICS(THAILAND),93Moo5T. Bangsamak Bangpakong Chachoengsao TH 24180 
MA-L,E492FB,"Samsung Electronics Co.,Ltd","#94-1,Imsoo-Dong Gumi Gyeongbuk KR 730-350 "
MA-L,6CB7F4,"Samsung Electronics Co.,Ltd","#94-1,Imsoo-Dong Gumi Gyeongbuk KR 730-350 "
MA-L,181EB0,"Samsung Electronics Co.,Ltd","#94-1,Imsoo-Dong Gumi Gyeongbuk KR 730-350 "
MA-L,684898,"Samsung Electronics Co.,Ltd","#94-1,Imsoo-Dong Gumi Gyeongbuk KR 730-350 "
MA-L,3423BA,SAMSUNG ELECTRO-MECHANICS(THAILAND),93Moo5T. Bangsamak Bangpakong  US 24180 
MA-L,400E85,SAMSUNG ELECTRO-MECHANICS(THAILAND),93Moo5T. Bangsamak Bangpakong  US 24180 
MA-L,1489FD,"Samsung Electronics Co.,Ltd","#94-1, Imsoo-Dong Gumi Gyeongbuk KR 730-350 "
MA-L,BC851F,"Samsung Electronics Co.,Ltd","#94-1, Imsoo-Dong Gumi Gyeongbuk KR 730-350 "
MA-L,B85E7B,"Samsung Electronics Co.,Ltd","#94-1,Imsoo-Dong Gumi Gyeongbuk KR 730-350 "
MA-L,2C4401,"Samsung Electronics Co.,Ltd","#94-1, Imsoo-Dong Gumi Gyeongbuk KR 730-350 "
MA-L,B8D9CE,"Samsung Electronics Co.,Ltd","#94-1, Imsoo-Dong Gumi Gyeongbuk KR 730-350 "
MA-L,1C66AA,"Samsung Electronics Co.,Ltd","#94-1, Imsoo-Dong Gumi Gyeongbuk KR 730-350 "
MA-L,5C3C27,"Samsung Electronics Co.,Ltd","#94-1,Imsoo-Dong Gumi Gyeongbuk KR 730-350 "
MA-L,BC72B1,"Samsung Electronics Co.,Ltd","#94-1,Imsoo-Dong Gumi Gyeongbuk KR 730-350 "
MA-L,78F7BE,"Samsung Electronics Co.,Ltd","#94-1,Imsoo-Dong Gumi Gyeongbuk KR 730-350 "
MA-L,888322,"Samsung Electronics Co.,Ltd","#94-1, Imsoo-Dong Gumi Gyeongbuk KR 730-350 "
MA-L,E89309,"Samsung Electronics Co.,Ltd","#94-1, Imsoo-Dong Gumi Gyeongbuk KR 730-350 "
MA-L,78C3E9,"Samsung Electronics Co.,Ltd","#94-1, Imsoo-Dong Gumi Gyeongbuk KR 730-350 "
MA-L,8C1ABF,"Samsung Electronics Co.,Ltd","#94-1, Imsoo-Dong Gumi Gyeongbuk KR 730-350 "
MA-L,30CBF8,"Samsung Electronics Co.,Ltd","#94-1, Imsoo-Dong Gumi Gyeongbuk KR 730-350 "
MA-L,A0CBFD,"Samsung Electronics Co.,Ltd","#94-1, Imsoo-Dong Gumi Gyeongbuk KR 730-350 "
MA-L,E45D75,"Samsung Electronics Co.,Ltd","#94-1, Imsoo-Dong Gumi Gyeongbuk KR 730-350 "
MA-L,98398E,"Samsung Electronics Co.,Ltd","#94-1, Imsoo-Dong Gumi Gyeongbuk KR 730-350 "
MA-L,D0FCCC,"Samsung Electronics Co.,Ltd","#94-1, Imsoo-Dong Gumi Gyeongbuk KR 730-350 "
MA-L,C09727,SAMSUNG ELECTRO-MECHANICS(THAILAND),"93Moo5T. Bangsamak SEMTHAI, WELLGROW INDUSTRIAL ESTATE Bangpakong Chachoengsao TH 24180 "
MA-L,202D07,"Samsung Electronics Co.,Ltd","#94-1, Imsoo-Dong Gumi Gyeongbuk KR 730-350 "
MA-L,08373D,"Samsung Electronics Co.,Ltd","#94-1,Imsoo-Dong Gumi Gyeongbuk KR 730-350 "
MA-L,C488E5,"Samsung Electronics Co.,Ltd","#94-1,Imsoo-Dong Gumi Gyeongbuk KR 730-350 "
MA-L,5056BF,"Samsung Electronics Co.,Ltd","129, Samsung-ro, Youngtongl-Gu Suwon Gyeonggi-Do KR 16677 "
MA-L,90F1AA,"Samsung Electronics Co.,Ltd","129, Samsung-ro, Youngtongl-Gu Suwon Gyeonggi-Do KR 16677 "
MA-L,1077B1,"Samsung Electronics Co.,Ltd","129, Samsung-ro, Youngtongl-Gu Suwon Gyeonggi-Do KR 16677 "
MA-L,FCC734,"Samsung Electronics Co.,Ltd","#94-1,Imsoo-Dong Gumi Gyeongbuk KR 730-350 "
MA-L,8425DB,"Samsung Electronics Co.,Ltd","#94-1,Imsoo-Dong Gumi Gyeongbuk KR 730-350 "
MA-L,B0EC71,"Samsung Electronics Co.,Ltd","#94-1,Imsoo-Dong Gumi Gyeongbuk KR 730-350 "
MA-L,E458B8,"Samsung Electronics Co.,Ltd","#94-1,Imsoo-Dong Gumi Gyeongbuk KR 730-350 "
MA-L,088C2C,"Samsung Electronics Co.,Ltd","#94-1,Imsoo-Dong Gumi Gyeongbuk KR 730-350 "
MA-L,A49A58,"Samsung Electronics Co.,Ltd","#94-1, Imsoo-Dong Gumi Gyeongbuk KR 730-350 "
MA-L,08EE8B,"Samsung Electronics Co.,Ltd","#94-1, Imsoo-Dong Gumi Gyeongbuk KR 730-350 "
MA-L,64B853,"Samsung Electronics Co.,Ltd","#94-1, Imsoo-Dong Gumi Gyeongbuk KR 730-350 "
MA-L,389496,"Samsung Electronics Co.,Ltd","#94-1, Imsoo-Dong Gumi Gyeongbuk KR 730-350 "
MA-L,74458A,"Samsung Electronics Co.,Ltd","#94-1,Imsoo-Dong Gumi Gyeongbuk KR 730-350 "
MA-L,38D40B,"Samsung Electronics Co.,Ltd","#94-1, Imsoo-Dong Gumi Gyeongbuk KR 730-350 "
MA-L,E83A12,"Samsung Electronics Co.,Ltd","#94-1, Imsoo-Dong Gumi Gyeongbuk KR 730-350 "
MA-L,80656D,"Samsung Electronics Co.,Ltd","#94-1, Imsoo-Dong Gumi Gyeongbuk KR 730-350 "
MA-L,FCF136,"Samsung Electronics Co.,Ltd","129, Samsung-ro, Youngtongl-Gu Suwon Gyeonggi-Do KR 16677 "
MA-L,18895B,"Samsung Electronics Co.,Ltd","#94-1, Imsoo-Dong Gumi Gyeongbuk KR 730-350 "
MA-L,7CF90E,"Samsung Electronics Co.,Ltd","#94-1, Imsoo-Dong Gumi Gyeongbuk KR 730-350 "
MA-L,50F0D3,"Samsung Electronics Co.,Ltd","#94-1, Imsoo-Dong Gumi Gyeongbuk KR 730-350 "
MA-L,78BDBC,"Samsung Electronics Co.,Ltd","129, Samsung-ro, Youngtongl-Gu Suwon Gyeonggi-Do KR 16677 "
MA-L,84119E,"Samsung Electronics Co.,Ltd","#94-1, Imsoo-Dong Gumi Gyeongbuk KR 730-350 "
MA-L,244B81,"Samsung Electronics Co.,Ltd","#94-1, Imsoo-Dong Gumi Gyeongbuk KR 730-350 "
MA-L,244B03,"Samsung Electronics Co.,Ltd","129, Samsung-ro, Youngtongl-Gu Suwon Gyeonggi-Do KR 16677 "
MA-L,60AF6D,"Samsung Electronics Co.,Ltd","#94-1, Imsoo-Dong Gumi Gyeongbuk KR 730-350 "
MA-L,B85A73,"Samsung Electronics Co.,Ltd","#94-1, Imsoo-Dong Gumi Gyeongbuk KR 730-350 "
MA-L,981DFA,"Samsung Electronics Co.,Ltd","129, Samsung-ro, Youngtongl-Gu Suwon Gyeonggi-Do KR 16677 "
MA-L,C44202,"Samsung Electronics Co.,Ltd","#94-1, Imsoo-Dong Gumi Gyeongbuk KR 730-350 "
MA-L,103047,"Samsung Electronics Co.,Ltd","#94-1, Imsoo-Dong Gumi Gyeongbuk KR 730-350 "
MA-L,5C2E59,"Samsung Electronics Co.,Ltd","#94-1, Imsoo-Dong Gumi Gyeongbuk KR 730-350 "
MA-L,F884F2,"Samsung Electronics Co.,Ltd","#94-1, Imsoo-Dong Gumi Gyeongbuk KR 730-350 "
MA-L,E0CBEE,"Samsung Electronics Co.,Ltd","#94-1, Imsoo-Dong Gumi Gyeongbuk KR 730-350 "
MA-L,FC0012,Toshiba Samsung Storage Technolgoy Korea Corporation ,"14 Floor, Bldg. No. 102, Digital Empire2, 486, Sin-dong, Yeongtong-gu, Suwon-si,  Su-won  Gyeonggi  KR 443-734  "
MA-L,0023C2,SAMSUNG Electronics. Co. LTD,"19th Fl., Korea Life Bldg. 1338-12 Seoul  KR 137-860 "
MA-L,000DE5,Samsung Thales,259 Gongdan-Dong Gumi-City Gyeongsangbuk-do KR 730-904 
MA-L,54104F,"Samsung Electronics Co.,Ltd","#94-1, Imsoo-Dong Gumi Gyeongbuk KR 730-350 "
MA-L,B05476,"Samsung Electronics Co.,Ltd","#94-1, Imsoo-Dong Gumi Gyeongbuk KR 730-350 "
MA-L,EC90C1,"Samsung Electronics Co.,Ltd","#94-1, Imsoo-Dong Gumi Gyeongbuk KR 730-350 "
MA-L,A07D9C,"Samsung Electronics Co.,Ltd","#94-1, Imsoo-Dong Gumi Gyeongbuk KR 730-350 "
MA-L,384A80,"Samsung Electronics Co.,Ltd","#94-1, Imsoo-Dong Gumi Gyeongbuk KR 730-350 "
MA-L,E41088,"Samsung Electronics Co.,Ltd","#94-1, Imsoo-Dong Gumi Gyeongbuk KR 730-350 "
MA-L,B440DC,"Samsung Electronics Co.,Ltd","#94-1, Imsoo-Dong Gumi Gyeongbuk KR 730-350 "
MA-L,6417CD,"Samsung Electronics Co.,Ltd","#94-1, Imsoo-Dong Gumi Gyeongbuk KR 730-350 "
MA-L,DC69E2,"Samsung Electronics Co.,Ltd","#94-1, Imsoo-Dong Gumi Gyeongbuk KR 730-350 "
MA-L,1C76F2,"Samsung Electronics Co.,Ltd","129, Samsung-ro, Youngtongl-Gu Suwon Gyeonggi-Do KR 16677 "
MA-L,D039FA,"Samsung Electronics Co.,Ltd","#94-1, Imsoo-Dong Gumi Gyeongbuk KR 730-350 "
MA-L,B40B1D,"Samsung Electronics Co.,Ltd","#94-1, Imsoo-Dong Gumi Gyeongbuk KR 730-350 "
MA-L,AC80FB,"Samsung Electronics Co.,Ltd","#94-1, Imsoo-Dong Gumi Gyeongbuk KR 730-350 "
MA-L,6C70CB,"Samsung Electronics Co.,Ltd","129, Samsung-ro, Youngtongl-Gu Suwon Gyeonggi-Do KR 16677 "
MA-L,BC5274,"Samsung Electronics Co.,Ltd","#94-1, Imsoo-Dong Gumi Gyeongbuk KR 730-350 "
MA-L,BC107B,"Samsung Electronics Co.,Ltd","#94-1, Imsoo-Dong Gumi Gyeongbuk KR 730-350 "
MA-L,98D742,"Samsung Electronics Co.,Ltd","#94-1, Imsoo-Dong Gumi Gyeongbuk KR 730-350 "
MA-L,4035E6,"Samsung Electronics Co.,Ltd","#94-1, Imsoo-Dong Gumi Gyeongbuk KR 730-350 "
MA-L,684AE9,"Samsung Electronics Co.,Ltd","#94-1, Imsoo-Dong Gumi Gyeongbuk KR 730-350 "
MA-L,BC4760,"Samsung Electronics Co.,Ltd","#94-1, Imsoo-Dong Gumi Gyeongbuk KR 730-350 "
MA-L,60FF12,"Samsung Electronics Co.,Ltd","#94-1, Imsoo-Dong Gumi Gyeongbuk KR 730-350 "
MA-L,24C613,"Samsung Electronics Co.,Ltd","#94-1, Imsoo-Dong Gumi Gyeongbuk KR 730-350 "
MA-L,94E129,"Samsung Electronics Co.,Ltd","#94-1, Imsoo-Dong Gumi Gyeongbuk KR 730-350 "
MA-L,C8BD4D,"Samsung Electronics Co.,Ltd","#94-1, Imsoo-Dong Gumi Gyeongbuk KR 730-350 "
MA-L,2C15BF,"Samsung Electronics Co.,Ltd","#94-1, Imsoo-Dong Gumi Gyeongbuk KR 730-350 "
MA-L,C0238D,"Samsung Electronics Co.,Ltd","129, Samsung-ro, Youngtongl-Gu Suwon Gyeonggi-Do KR 16677 "
MA-L,C8BD69,"Samsung Electronics Co.,Ltd","#94-1, Imsoo-Dong Gumi Gyeongbuk KR 730-350 "
MA-L,A87650,"Samsung Electronics Co.,Ltd","#94-1, Imsoo-Dong Gumi Gyeongbuk KR 730-350 "
MA-L,54D17D,"Samsung Electronics Co.,Ltd","#94-1, Imsoo-Dong Gumi Gyeongbuk KR 730-350 "
MA-L,603AAF,"Samsung Electronics Co.,Ltd","#94-1, Imsoo-Dong Gumi Gyeongbuk KR 730-350 "
MA-L,F40228,SAMSUNG ELECTRO-MECHANICS(THAILAND),"93Moo5T. Bangsamak SEMTHAI, WELLGROW INDUSTRIAL ESTATE Bangpakong Chachoengsao TH 24180 "
MA-L,804786,"Samsung Electronics Co.,Ltd","129, Samsung-ro, Youngtongl-Gu Suwon Gyeonggi-Do KR 16677 "
MA-L,6407F6,"Samsung Electronics Co.,Ltd","129, Samsung-ro, Youngtongl-Gu Suwon Gyeonggi-Do KR 16677 "
MA-L,F0F564,"Samsung Electronics Co.,Ltd","#94-1, Imsoo-Dong Gumi Gyeongbuk KR 730-350 "
MA-L,543AD6,"Samsung Electronics Co.,Ltd","129, Samsung-ro, Youngtongl-Gu Suwon Gyeonggi-Do KR 16677 "
MA-L,6872C3,"Samsung Electronics Co.,Ltd","129, Samsung-ro, Youngtongl-Gu Suwon Gyeonggi-Do KR 16677 "
MA-L,70B13D,"Samsung Electronics Co.,Ltd","129, Samsung-ro, Youngtongl-Gu Suwon Gyeonggi-Do KR 16677 "
MA-L,BC7E8B,"Samsung Electronics Co.,Ltd","129, Samsung-ro, Youngtongl-Gu Suwon Gyeonggi-Do KR 16677 "
MA-L,A830BC,"Samsung Electronics Co.,Ltd","#94-1, Imsoo-Dong Gumi Gyeongbuk KR 730-350 "
MA-L,7846D4,"Samsung Electronics Co.,Ltd","#94-1, Imsoo-Dong Gumi Gyeongbuk KR 730-350 "
MA-L,2468B0,"Samsung Electronics Co.,Ltd","#94-1, Imsoo-Dong Gumi Gyeongbuk KR 730-350 "
MA-L,6CDDBC,"Samsung Electronics Co.,Ltd","#94-1, Imsoo-Dong Gumi Gyeongbuk KR 730-350 "
MA-L,DC8983,"Samsung Electronics Co.,Ltd","#94-1, Imsoo-Dong Gumi Gyeongbuk KR 730-350 "
MA-L,5CCB99,"Samsung Electronics Co.,Ltd","#94-1, Imsoo-Dong Gumi Gyeongbuk KR 730-350 "
MA-L,90B144,"Samsung Electronics Co.,Ltd","#94-1, Imsoo-Dong Gumi Gyeongbuk KR 730-350 "
MA-L,A4307A,"Samsung Electronics Co.,Ltd","129, Samsung-ro, Youngtongl-Gu Suwon Gyeonggi-Do KR 16677 "
MA-L,DCDCE2,"Samsung Electronics Co.,Ltd","#94-1, Imsoo-Dong Gumi Gyeongbuk KR 730-350 "
MA-L,A0AC69,"Samsung Electronics Co.,Ltd","#94-1, Imsoo-Dong Gumi Gyeongbuk KR 730-350 "
MA-L,1089FB,"Samsung Electronics Co.,Ltd","#94-1, Imsoo-Dong Gumi Gyeongbuk KR 730-350 "
MA-L,1819D6,"Samsung Electronics Co.,Ltd","#94-1, Imsoo-Dong Gumi Gyeongbuk KR 730-350 "
MA-L,6489F1,"Samsung Electronics Co.,Ltd","#94-1, Imsoo-Dong Gumi Gyeongbuk KR 730-350 "
MA-L,20326C,"Samsung Electronics Co.,Ltd","#94-1, Imsoo-Dong Gumi Gyeongbuk KR 730-350 "
MA-L,E458E7,"Samsung Electronics Co.,Ltd","#94-1, Imsoo-Dong Gumi Gyeongbuk KR 730-350 "
MA-L,6CC7EC,SAMSUNG ELECTRO-MECHANICS(THAILAND),"93Moo5T. Bangsamak SEMTHAI, WELLGROW INDUSTRIAL ESTATE Bangpakong Chachoengsao TH 24180 "
MA-L,C0BDC8,"Samsung Electronics Co.,Ltd","#94-1, Imsoo-Dong Gumi Gyeongbuk KR 730-350 "
MA-L,647BCE,"Samsung Electronics Co.,Ltd","#94-1, Imsoo-Dong Gumi Gyeongbuk KR 730-350 "
MA-L,A887B3,"Samsung Electronics Co.,Ltd","#94-1, Imsoo-Dong Gumi Gyeongbuk KR 730-350 "
MA-L,6C006B,"Samsung Electronics Co.,Ltd","#94-1, Imsoo-Dong Gumi Gyeongbuk KR 730-350 "
MA-L,24FCE5,"Samsung Electronics Co.,Ltd","129, Samsung-ro, Youngtongl-Gu Suwon Gyeonggi-Do KR 16677 "
MA-L,70FD46,"Samsung Electronics Co.,Ltd","#94-1, Imsoo-Dong Gumi Gyeongbuk KR 730-350 "
MA-L,8C83E1,"Samsung Electronics Co.,Ltd","#94-1, Imsoo-Dong Gumi Gyeongbuk KR 730-350 "
MA-L,889F6F,"Samsung Electronics Co.,Ltd","#94-1, Imsoo-Dong Gumi Gyeongbuk KR 730-350 "
MA-L,68E7C2,"Samsung Electronics Co.,Ltd","#94-1, Imsoo-Dong Gumi Gyeongbuk KR 730-350 "
MA-L,58B10F,"Samsung Electronics Co.,Ltd","#94-1, Imsoo-Dong Gumi Gyeongbuk KR 730-350 "
MA-L,C819F7,"Samsung Electronics Co.,Ltd","#94-1, Imsoo-Dong Gumi Gyeongbuk KR 730-350 "
MA-L,D4E6B7,"Samsung Electronics Co.,Ltd","#94-1, Imsoo-Dong Gumi Gyeongbuk KR 730-350 "
MA-L,3CDCBC,"Samsung Electronics Co.,Ltd","#94-1, Imsoo-Dong Gumi Gyeongbuk KR 730-350 "
MA-L,804E70,"Samsung Electronics Co.,Ltd","#94-1, Imsoo-Dong Gumi Gyeongbuk KR 730-350 "
MA-L,5C865C,"Samsung Electronics Co.,Ltd","129, Samsung-ro, Youngtongl-Gu Suwon Gyeonggi-Do KR 16677 "
MA-L,D80831,"Samsung Electronics Co.,Ltd","#94-1, Imsoo-Dong Gumi Gyeongbuk KR 730-350 "
MA-L,982D68,"Samsung Electronics Co., Ltd",Samsung 1-ro Hwaseong-si Gyeonggi-do KR 445330 
MA-L,7C2EDD,"Samsung Electronics Co.,Ltd","#94-1, Imsoo-Dong Gumi Gyeongbuk KR 730-350 "
MA-L,3CF7A4,"Samsung Electronics Co.,Ltd","#94-1, Imsoo-Dong Gumi Gyeongbuk KR 730-350 "
MA-L,E47DBD,"Samsung Electronics Co.,Ltd","129, Samsung-ro, Youngtongl-Gu Suwon Gyeonggi-Do KR 16677 "
MA-L,842519,Samsung Electronics,"129, Samsung-rom Yeongtong-gu Suwon-si Gyeonggi-do KR 16677 "
MA-L,24920E,"Samsung Electronics Co.,Ltd","#94-1, Imsoo-Dong Gumi Gyeongbuk KR 730-350 "
MA-L,FC4203,"Samsung Electronics Co.,Ltd","#94-1, Imsoo-Dong Gumi Gyeongbuk KR 730-350 "
MA-L,A01081,"Samsung Electronics Co.,Ltd","#94-1, Imsoo-Dong Gumi Gyeongbuk KR 730-350 "
MA-L,002566,"Samsung Electronics Co.,Ltd","#94-1, Imsoo-Dong Gumi Gyeongbuk KR 730-350 "
MA-L,04180F,"Samsung Electronics Co.,Ltd","#94-1, Imsoo-Dong Gumi Gyeongbuk KR 730-350 "
MA-L,2013E0,"Samsung Electronics Co.,Ltd","#94-1, Imsoo-Dong Gumi Gyeongbuk KR 730-350 "
MA-L,DC7144,"SAMSUNG ELECTRO MECHANICS CO., LTD.","314, Maetan3-Dong, Yeongtong-Gu Suwon  US 443-743 "
MA-L,980C82,"SAMSUNG ELECTRO MECHANICS CO., LTD.","Metan Dong 314, Youngtong Gu Suwon Kyung-gi Do. KR 443-743 "
MA-L,A00BBA,"SAMSUNG ELECTRO MECHANICS CO., LTD.","Suwon-Si, Gyeonggi_Do, Korea Suwon Gyeonggi_Do KR 443-743 "
MA-L,8CC8CD,"Samsung Electronics Co.,Ltd","416, Maetan-3dong, Yeongtong-gu Suwon Gyeonggi-do KR 443742 "
MA-L,8018A7,"Samsung Electronics Co.,Ltd","416, Maetan 3dong, Yeongtong-Gu Suwon Gyeonggi-Do KR 443742 "
MA-L,F47B5E,"Samsung Electronics Co.,Ltd","416, Maetan 3dong, Yeongtong-Gu Suwon Gyeonggi-Do KR 443742 "
MA-L,606BBD,"Samsung Electronics Co.,Ltd","416, Maetan-3dong, Yeongtong-gu Suwon-si Gyeonggi-do KR 443742 "
MA-L,00214C,"Samsung Electronics Co.,Ltd","416, METAN-3DONG, SUWON KYUNGKI-DO KR 442-742 "
MA-L,00166B,"Samsung Electronics Co.,Ltd","416,Maetan-3Dong,Yeongtong-Gu Suwon-City Kyeonggi-Do KR 443-742 "
MA-L,0000F0,"Samsung Electronics Co.,Ltd","416, MAETAN-3DONG, PALDAL-GU kwon  KR 442-742 "
MA-L,184617,"Samsung Electronics Co.,Ltd","#94-1, Imsoo-Dong Gumi Gyeongbuk KR 730-350 "
MA-L,380A94,"Samsung Electronics Co.,Ltd","#94-1, Imsoo-Dong Gumi Gyeongbuk KR 730-350 "
MA-L,D0DFC7,"Samsung Electronics Co.,Ltd","#94-1, Imsoo-Dong Gumi Gyeongbuk KR 730-350 "
MA-L,D0C1B1,"Samsung Electronics Co.,Ltd","#94-1, Imsoo-Dong Gumi Gyeongbuk KR 730-350 "
MA-L,70F927,"Samsung Electronics Co.,Ltd","#94-1, Imsoo-Dong Gumi Gyeongbuk KR 730-350 "
MA-L,A8F274,"Samsung Electronics Co.,Ltd","#94-1, Imsoo-Dong Gumi Gyeongbuk KR 730-350 "
MA-L,D487D8,"Samsung Electronics Co.,Ltd","#94-1, Imsoo-Dong Gumi Gyeongbuk KR 730-350 "
MA-L,F0728C,"Samsung Electronics Co.,Ltd","#94-1,Imsoo-Dong Gumi Gyeongbuk KR 730-350 "
MA-L,34AA8B,"Samsung Electronics Co.,Ltd","#94-1,Imsoo-Dong Gumi Gyeongbuk KR 730-350 "
MA-L,BC4486,"Samsung Electronics Co.,Ltd","#94-1,Imsoo-Dong Gumi Gyeongbuk KR 730-350 "
MA-L,20D390,"Samsung Electronics Co.,Ltd","#94-1,Imsoo-Dong Gumi Gyeongbuk KR 730-350 "
MA-L,0018AF,"Samsung Electronics Co.,Ltd",#94-1 Gumi-City Gyeong-Buk KR 730-350 
MA-L,001EE1,"Samsung Electronics Co.,Ltd","#94-1, Imsoo-Dong Gumi Gyeongbuk KR 730-350 "
MA-L,24DBED,"Samsung Electronics Co.,Ltd","#94-1,Imsoo-Dong Gumi Gyeongbuk KR 730-350 "
MA-L,C45006,"Samsung Electronics Co.,Ltd","#94-1,Imsoo-Dong Gumi Gyeongbuk KR 730-350 "
MA-L,88329B,SAMSUNG ELECTRO-MECHANICS(THAILAND),93Moo5T. Bangsamak Bangpakong  US 24180 
MA-L,1449E0,SAMSUNG ELECTRO-MECHANICS(THAILAND),93Moo5T. Bangsamak Bangpakong  US 24180 
MA-L,D02544,SAMSUNG ELECTRO-MECHANICS(THAILAND),93Moo5T. Bangsamak Bangpakong Chachoengsao TH 24180 
MA-L,9401C2,"Samsung Electronics Co.,Ltd","#94-1,Imsoo-Dong Gumi Gyeongbuk KR 730-350 "
MA-L,50FC9F,"Samsung Electronics Co.,Ltd","#94-1,Imsoo-Dong Gumi Gyeongbuk KR 730-350 "
MA-L,380B40,"Samsung Electronics Co.,Ltd","#94-1,Imsoo-Dong Gumi Gyeongbuk KR 730-350 "
MA-L,F8E61A,"Samsung Electronics Co.,Ltd","#94-1, Imsoo-Dong Gumi Gyeongbuk KR 730-350 "
MA-L,84B541,"Samsung Electronics Co.,Ltd","#94-1, Imsoo-Dong Gumi Gyeongbuk KR 730-350 "
MA-L,006F64,"Samsung Electronics Co.,Ltd","#94-1, Imsoo-Dong Gumi Gyeongbuk KR 730-350 "
MA-L,DC6672,"Samsung Electronics Co.,Ltd","#94-1, Imsoo-Dong Gumi Gyeongbuk KR 730-350 "
MA-L,9C2A83,"Samsung Electronics Co.,Ltd","#94-1, Imsoo-Dong Gumi Gyeongbuk KR 730-350 "
MA-L,A06090,"Samsung Electronics Co.,Ltd","#94-1, Imsoo-Dong Gumi Gyeongbuk KR 730-350 "
MA-L,BC765E,"Samsung Electronics Co.,Ltd","#94-1, Imsoo-Dong Gumi Gyeongbuk KR 730-350 "
MA-L,D85B2A,"Samsung Electronics Co.,Ltd","#94-1, Imsoo-Dong Gumi Gyeongbuk KR 730-350 "
MA-L,40163B,"Samsung Electronics Co.,Ltd","129, Samsung-ro, Youngtongl-Gu Suwon Gyeonggi-Do KR 16677 "
MA-L,C83870,"Samsung Electronics Co.,Ltd","#94-1, Imsoo-Dong Gumi Gyeongbuk KR 730-350 "
MA-L,647791,"Samsung Electronics Co.,Ltd","#94-1,Imsoo-Dong Gumi Gyeongbuk KR 730-350 "
MA-L,9CE6E7,"Samsung Electronics Co.,Ltd","#94-1,Imsoo-Dong Gumi Gyeongbuk KR 730-350 "
MA-L,9C0298,"Samsung Electronics Co.,Ltd","#94-1,Imsoo-Dong Gumi Gyeongbuk KR 730-350 "
MA-L,28987B,"Samsung Electronics Co.,Ltd","#94-1,Imsoo-Dong Gumi Gyeongbuk KR 730-350 "
MA-L,0C715D,"Samsung Electronics Co.,Ltd","#94-1,Imsoo-Dong Gumi Gyeongbuk KR 730-350 "
MA-L,54FA3E,"Samsung Electronics Co.,Ltd","129, Samsung-ro, Youngtongl-Gu Suwon Gyeonggi-Do KR 16677 "
MA-L,0C8910,"Samsung Electronics Co.,Ltd","129, Samsung-ro, Youngtongl-Gu Suwon Gyeonggi-Do KR 16677 "
MA-L,78ABBB,"Samsung Electronics Co.,Ltd","129, Samsung-ro, Youngtongl-Gu Suwon Gyeonggi-Do KR 16677 "
MA-L,D8C4E9,"Samsung Electronics Co.,Ltd","#94-1,Imsoo-Dong Gumi Gyeongbuk KR 730-350 "
MA-L,BCD11F,"Samsung Electronics Co.,Ltd","#94-1,Imsoo-Dong Gumi Gyeongbuk KR 730-350 "
MA-L,F4428F,"Samsung Electronics Co.,Ltd","#94-1,Imsoo-Dong Gumi Gyeongbuk KR 730-350 "
MA-L,446D6C,"Samsung Electronics Co.,Ltd","#94-1, Imsoo-Dong Gumi Gyeongbuk KR 730-350 "
MA-L,00F46F,"Samsung Electronics Co.,Ltd","#94-1, Imsoo-Dong Gumi Gyeongbuk KR 730-350 "
MA-L,2CAE2B,"Samsung Electronics Co.,Ltd","#94-1, Imsoo-Dong Gumi Gyeongbuk KR 730-350 "
MA-L,C01173,"Samsung Electronics Co.,Ltd","#94-1, Imsoo-Dong Gumi Gyeongbuk KR 730-350 "
MA-L,BCE63F,"Samsung Electronics Co.,Ltd","#94-1, Imsoo-Dong Gumi Gyeongbuk KR 730-350 "
MA-L,7C9122,"Samsung Electronics Co.,Ltd","#94-1, Imsoo-Dong Gumi Gyeongbuk KR 730-350 "
MA-L,F40E22,"Samsung Electronics Co.,Ltd","#94-1, Imsoo-Dong Gumi Gyeongbuk KR 730-350 "
MA-L,2827BF,"Samsung Electronics Co.,Ltd","#94-1, Imsoo-Dong Gumi Gyeongbuk KR 730-350 "
MA-L,8CBFA6,"Samsung Electronics Co.,Ltd","#94-1, Imsoo-Dong Gumi Gyeongbuk KR 730-350 "
MA-L,C8A823,"Samsung Electronics Co.,Ltd","#94-1, Imsoo-Dong Gumi Gyeongbuk KR 730-350 "
MA-L,B0C559,"Samsung Electronics Co.,Ltd","#94-1, Imsoo-Dong Gumi Gyeongbuk KR 730-350 "
MA-L,BC1485,"Samsung Electronics Co.,Ltd","129, Samsung-ro, Youngtongl-Gu Suwon Gyeonggi-Do KR 16677 "
MA-L,083D88,"Samsung Electronics Co.,Ltd","#94-1, Imsoo-Dong Gumi Gyeongbuk KR 730-350 "
MA-L,109266,"Samsung Electronics Co.,Ltd","#94-1, Imsoo-Dong Gumi Gyeongbuk KR 730-350 "
MA-L,608F5C,"Samsung Electronics Co.,Ltd","#94-1, Imsoo-Dong Gumi Gyeongbuk KR 730-350 "
MA-L,745F00,Samsung Semiconductor Inc.,3566 N. 1St Street San Jose CA US 95134 
MA-L,28AF42,"Samsung Electronics Co.,Ltd","129, Samsung-ro, Youngtongl-Gu Suwon Gyeonggi-Do KR 16677 "
MA-L,28E6A9,"Samsung Electronics Co.,Ltd","129, Samsung-ro, Youngtongl-Gu Suwon Gyeonggi-Do KR 16677 "
MA-L,9C3928,"Samsung Electronics Co.,Ltd","#94-1, Imsoo-Dong Gumi Gyeongbuk KR 730-350 "
MA-L,BC0EAB,"Samsung Electronics Co.,Ltd","#94-1, Imsoo-Dong Gumi Gyeongbuk KR 730-350 "
MA-L,98FB27,"Samsung Electronics Co.,Ltd","#94-1, Imsoo-Dong Gumi Gyeongbuk KR 730-350 "
MA-L,C8A6EF,"Samsung Electronics Co.,Ltd","129, Samsung-ro, Youngtongl-Gu Suwon Gyeonggi-Do KR 16677 "
MA-L,34F043,"Samsung Electronics Co.,Ltd","#94-1, Imsoo-Dong Gumi Gyeongbuk KR 730-350 "
MA-L,4C66A6,"Samsung Electronics Co.,Ltd","#94-1, Imsoo-Dong Gumi Gyeongbuk KR 730-350 "
MA-L,3868A4,"Samsung Electronics Co.,Ltd","129, Samsung-ro, Youngtongl-Gu Suwon Gyeonggi-Do KR 16677 "
MA-L,AC1E92,"Samsung Electronics Co.,Ltd","129, Samsung-ro, Youngtongl-Gu Suwon  KR 16677 "
MA-L,6CACC2,"Samsung Electronics Co.,Ltd","#94-1, Imsoo-Dong Gumi Gyeongbuk KR 730-350 "
MA-L,BCF730,"Samsung Electronics Co.,Ltd","#94-1, Imsoo-Dong Gumi Gyeongbuk KR 730-350 "
MA-L,BC9307,"Samsung Electronics Co.,Ltd","#94-1, Imsoo-Dong Gumi Gyeongbuk KR 730-350 "
MA-L,5CAC3D,"Samsung Electronics Co.,Ltd","#94-1, Imsoo-Dong Gumi Gyeongbuk KR 730-350 "
MA-L,CCE686,"Samsung Electronics Co.,Ltd","#94-1, Imsoo-Dong Gumi Gyeongbuk KR 730-350 "
MA-L,74190A,"Samsung Electronics Co.,Ltd","#94-1, Imsoo-Dong Gumi Gyeongbuk KR 730-350 "
MA-L,F85B6E,"Samsung Electronics Co.,Ltd","#94-1, Imsoo-Dong Gumi Gyeongbuk KR 730-350 "
MA-L,8C6A3B,"Samsung Electronics Co.,Ltd","#94-1, Imsoo-Dong Gumi Gyeongbuk KR 730-350 "
MA-L,241153,"Samsung Electronics Co.,Ltd","#94-1, Imsoo-Dong Gumi Gyeongbuk KR 730-350 "
MA-L,A475B9,"Samsung Electronics Co.,Ltd","#94-1, Imsoo-Dong Gumi Gyeongbuk KR 730-350 "
MA-L,80549C,"Samsung Electronics Co.,Ltd","#94-1, Imsoo-Dong Gumi Gyeongbuk KR 730-350 "
MA-L,1CF8D0,"Samsung Electronics Co.,Ltd","#94-1, Imsoo-Dong Gumi Gyeongbuk KR 730-350 "
MA-L,F84E58,"Samsung Electronics Co.,Ltd","129, Samsung-ro, Youngtongl-Gu Suwon Gyeonggi-Do KR 16677 "
MA-L,B47064,"Samsung Electronics Co.,Ltd","#94-1, Imsoo-Dong Gumi Gyeongbuk KR 730-350 "
MA-L,4C2E5E,"Samsung Electronics Co.,Ltd","#94-1, Imsoo-Dong Gumi Gyeongbuk KR 730-350 "
MA-L,645DF4,"Samsung Electronics Co.,Ltd","#94-1, Imsoo-Dong Gumi Gyeongbuk KR 730-350 "
MA-L,68FCCA,"Samsung Electronics Co.,Ltd","129, Samsung-ro, Youngtongl-Gu Suwon Gyeonggi-Do KR 16677 "
MA-L,78F238,"Samsung Electronics Co.,Ltd","#94-1, Imsoo-Dong Gumi Gyeongbuk KR 730-350 "
MA-L,64D0D6,"Samsung Electronics Co.,Ltd","#94-1, Imsoo-Dong Gumi Gyeongbuk KR 730-350 "
MA-L,E09D13,"Samsung Electronics Co.,Ltd","129, Samsung-ro, Youngtongl-Gu Suwon Gyeonggi-Do KR 16677 "
MA-L,F0704F,"Samsung Electronics Co.,Ltd","129, Samsung-ro, Youngtongl-Gu Suwon Gyeonggi-Do KR 16677 "
MA-L,AC6C90,"Samsung Electronics Co.,Ltd","#94-1, Imsoo-Dong Gumi Gyeongbuk KR 730-350 "
MA-L,90B622,"Samsung Electronics Co.,Ltd","#94-1, Imsoo-Dong Gumi Gyeongbuk KR 730-350 "
MA-L,0C02BD,"Samsung Electronics Co.,Ltd","#94-1, Imsoo-Dong Gumi Gyeongbuk KR 730-350 "
MA-L,A0D05B,"Samsung Electronics Co.,Ltd","129, Samsung-ro, Youngtongl-Gu Suwon Gyeonggi-Do KR 16677 "
MA-L,D0C24E,"Samsung Electronics Co.,Ltd","129, Samsung-ro, Youngtongl-Gu Suwon Gyeonggi-Do KR 16677 "
MA-L,3C195E,"Samsung Electronics Co.,Ltd","#94-1, Imsoo-Dong Gumi Gyeongbuk KR 730-350 "
MA-L,F88F07,"Samsung Electronics Co.,Ltd","#94-1, Imsoo-Dong Gumi Gyeongbuk KR 730-350 "
MA-L,8CEA48,"Samsung Electronics Co.,Ltd","129, Samsung-ro, Youngtongl-Gu Suwon Gyeonggi-Do KR 16677 "
MA-L,185BB3,"Samsung Electronics Co.,Ltd","#94-1, Imsoo-Dong Gumi Gyeongbuk KR 730-350 "
MA-L,9C5FB0,"Samsung Electronics Co.,Ltd","#94-1, Imsoo-Dong Gumi Gyeongbuk KR 730-350 "
MA-L,E87F6B,"Samsung Electronics Co.,Ltd","#94-1, Imsoo-Dong Gumi Gyeongbuk KR 730-350 "
MA-L,0017C9,"Samsung Electronics Co.,Ltd","416, Maetan-3Dong, Yeongtong-Gu Suwon Geyonggi-Do KR 443-742 "
MA-L,28C21F,SAMSUNG ELECTRO-MECHANICS(THAILAND),"93Moo5T. Bangsamak SEMTHAI, WELLGROW INDUSTRIAL ESTATE Bangpakong Chachoengsao TH 24180 "
MA-L,64E7D8,"Samsung Electronics Co.,Ltd","129, Samsung-ro, Youngtongl-Gu Suwon Gyeonggi-Do KR 16677 "
MA-L,18AB1D,"Samsung Electronics Co.,Ltd","#94-1, Imsoo-Dong Gumi Gyeongbuk KR 730-350 "
MA-L,8437D5,"Samsung Electronics Co.,Ltd","#94-1, Imsoo-Dong Gumi Gyeongbuk KR 730-350 "
MA-L,3482C5,"Samsung Electronics Co.,Ltd","#94-1, Imsoo-Dong Gumi Gyeongbuk KR 730-350 "
MA-L,98063C,"Samsung Electronics Co.,Ltd","129, Samsung-ro, Youngtongl-Gu Suwon Gyeonggi-Do KR 16677 "
MA-L,140152,"Samsung Electronics Co.,Ltd","#94-1, Imsoo-Dong Gumi Gyeongbuk KR 730-350 "
MA-L,445CE9,"Samsung Electronics Co.,Ltd","129, Samsung-ro, Youngtongl-Gu Suwon Gyeonggi-Do KR 16677 "
MA-L,9CA513,"Samsung Electronics Co.,Ltd","#94-1, Imsoo-Dong Gumi Gyeongbuk KR 730-350 "
MA-L,C0D2DD,"Samsung Electronics Co.,Ltd","#94-1, Imsoo-Dong Gumi Gyeongbuk KR 730-350 "
MA-L,942DDC,"Samsung Electronics Co.,Ltd","#94-1, Imsoo-Dong Gumi Gyeongbuk KR 730-350 "
MA-L,245AB5,"Samsung Electronics Co.,Ltd","#94-1, Imsoo-Dong Gumi Gyeongbuk KR 730-350 "
MA-L,48794D,"Samsung Electronics Co.,Ltd","#94-1, Imsoo-Dong Gumi Gyeongbuk KR 730-350 "
MA-L,C0DCDA,"Samsung Electronics Co.,Ltd","#94-1, Imsoo-Dong Gumi Gyeongbuk KR 730-350 "
MA-L,04B429,"Samsung Electronics Co.,Ltd","#94-1, Imsoo-Dong Gumi Gyeongbuk KR 730-350 "
MA-L,0024E9,"Samsung Electronics Co.,Ltd","416, Maetan 3Dong, Yeongtong-Gu Suwon City Geyonggi Do KR 443-742 "
MA-L,04BA8D,"Samsung Electronics Co.,Ltd","#94-1, Imsoo-Dong Gumi Gyeongbuk KR 730-350 "
MA-L,D85575,"Samsung Electronics Co.,Ltd","#94-1, Imsoo-Dong Gumi Gyeongbuk KR 730-350 "
MA-L,D411A3,"Samsung Electronics Co.,Ltd","#94-1, Imsoo-Dong Gumi Gyeongbuk KR 730-350 "
MA-L,B8BC5B,"Samsung Electronics Co.,Ltd","129, Samsung-ro, Youngtongl-Gu Suwon Gyeonggi-Do KR 16677 "
MA-L,90633B,"Samsung Electronics Co.,Ltd","#94-1, Imsoo-Dong Gumi Gyeongbuk KR 730-350 "
MA-L,FCAAB6,"Samsung Electronics Co.,Ltd","#94-1, Imsoo-Dong Gumi Gyeongbuk KR 730-350 "
MA-L,782327,"Samsung Electronics Co.,Ltd","#94-1, Imsoo-Dong Gumi Gyeongbuk KR 730-350 "
MA-L,DCF756,"Samsung Electronics Co.,Ltd","#94-1, Imsoo-Dong Gumi Gyeongbuk KR 730-350 "
MA-L,CC2119,"Samsung Electronics Co.,Ltd","#94-1, Imsoo-Dong Gumi Gyeongbuk KR 730-350 "
MA-L,702AD5,"Samsung Electronics Co.,Ltd","129, Samsung-ro, Youngtongl-Gu Suwon Gyeonggi-Do KR 16677 "
MA-L,74EB80,"Samsung Electronics Co.,Ltd","#94-1, Imsoo-Dong Gumi Gyeongbuk KR 730-350 "
MA-L,0CE0DC,"Samsung Electronics Co.,Ltd","#94-1, Imsoo-Dong Gumi Gyeongbuk KR 730-350 "
MA-L,D868C3,"Samsung Electronics Co.,Ltd","#94-1, Imsoo-Dong Gumi Gyeongbuk KR 730-350 "
MA-L,C493D9,"Samsung Electronics Co.,Ltd","#94-1, Imsoo-Dong Gumi Gyeongbuk KR 730-350 "
MA-L,A82BB9,"Samsung Electronics Co.,Ltd","#94-1, Imsoo-Dong Gumi Gyeongbuk KR 730-350 "
MA-L,705AAC,"Samsung Electronics Co.,Ltd","#94-1, Imsoo-Dong Gumi Gyeongbuk KR 730-350 "
MA-L,0CA8A7,"Samsung Electronics Co.,Ltd","#94-1, Imsoo-Dong Gumi Gyeongbuk KR 730-350 "
MA-L,685ACF,"Samsung Electronics Co.,Ltd","#94-1, Imsoo-Dong Gumi Gyeongbuk KR 730-350 "
MA-L,9C8C6E,"Samsung Electronics Co.,Ltd","129, Samsung-ro, Youngtongl-Gu Suwon Gyeonggi-Do KR 16677 "
MA-L,00BF61,"Samsung Electronics Co.,Ltd","129, Samsung-ro, Youngtongl-Gu Suwon Gyeonggi-Do KR 16677 "
MA-L,A407B6,"Samsung Electronics Co.,Ltd","#94-1, Imsoo-Dong Gumi Gyeongbuk KR 730-350 "
MA-L,087808,"Samsung Electronics Co.,Ltd","#94-1, Imsoo-Dong Gumi Gyeongbuk KR 730-350 "
MA-L,887598,"Samsung Electronics Co.,Ltd","#94-1, Imsoo-Dong Gumi Gyeongbuk KR 730-350 "
MA-L,C0174D,"Samsung Electronics Co.,Ltd","#94-1, Imsoo-Dong Gumi Gyeongbuk KR 730-350 "
MA-L,04D6AA,SAMSUNG ELECTRO-MECHANICS(THAILAND),"93Moo5T. Bangsamak SEMTHAI, WELLGROW INDUSTRIAL ESTATE Bangpakong Chachoengsao TH 24180 "
MA-L,08152F,"Samsung Electronics Co., Ltd. ARTIK","1-1, Samsungjeonja-ro Hwaseong-si Gyeonggi-do KR 18448 "
MA-L,5C5181,"Samsung Electronics Co.,Ltd","#94-1, Imsoo-Dong Gumi Gyeongbuk KR 730-350 "
MA-L,608E08,"Samsung Electronics Co.,Ltd","#94-1, Imsoo-Dong Gumi Gyeongbuk KR 730-350 "
MA-L,58C5CB,"Samsung Electronics Co.,Ltd","#94-1, Imsoo-Dong Gumi Gyeongbuk KR 730-350 "
MA-L,B4BFF6,"Samsung Electronics Co.,Ltd","#94-1, Imsoo-Dong Gumi Gyeongbuk KR 730-350 "
MA-L,84C0EF,"Samsung Electronics Co.,Ltd","129, Samsung-ro, Youngtongl-Gu Suwon Gyeonggi-Do KR 16677 "
MA-L,C0D3C0,"Samsung Electronics Co.,Ltd","#94-1, Imsoo-Dong Gumi Gyeongbuk KR 730-350 "
MA-L,948BC1,"Samsung Electronics Co.,Ltd","#94-1, Imsoo-Dong Gumi Gyeongbuk KR 730-350 "
MA-L,14568E,"Samsung Electronics Co.,Ltd","#94-1, Imsoo-Dong Gumi Gyeongbuk KR 730-350 "
MA-L,682737,"Samsung Electronics Co.,Ltd","129, Samsung-ro, Youngtongl-Gu Suwon Gyeonggi-Do KR 16677 "
MA-L,2C0E3D,SAMSUNG ELECTRO-MECHANICS(THAILAND),"93Moo5T. Bangsamak SEMTHAI, WELLGROW INDUSTRIAL ESTATE Bangpakong Chachoengsao TH 24180 "
MA-L,2CBABA,"Samsung Electronics Co.,Ltd","#94-1, Imsoo-Dong Gumi Gyeongbuk KR 730-350 "
MA-L,40D3AE,"Samsung Electronics Co.,Ltd","#94-1, Imsoo-Dong Gumi Gyeongbuk KR 730-350 "
MA-L,3816D1,"Samsung Electronics Co.,Ltd","#94-1, Imsoo-Dong Gumi Gyeongbuk KR 730-350 "
MA-L,D0176A,"Samsung Electronics Co.,Ltd","#94-1, Imsoo-Dong Gumi Gyeongbuk KR 730-350 "
MA-L,D48890,"Samsung Electronics Co.,Ltd","#94-1, Imsoo-Dong Gumi Gyeongbuk KR 730-350 "
MA-L,5492BE,"Samsung Electronics Co.,Ltd","#94-1, Imsoo-Dong Gumi Gyeongbuk KR 730-350 "
MA-L,001A8A,"Samsung Electronics Co.,Ltd","#94-1, Imsoo-Dong Gumi-City Gyeong-Buk KR 730-350 "
MA-L,3C5A37,"Samsung Electronics Co.,Ltd","#94-1, Imsoo-Dong Gumi Gyeongbuk KR 730-350 "
MA-L,F49F54,"Samsung Electronics Co.,Ltd","#94-1, Imsoo-Dong Gumi Gyeongbuk KR 730-350 "
MA-L,34C3AC,"Samsung Electronics Co.,Ltd","#94-1, Imsoo-Dong Gumi Gyeongbuk KR 730-350 "
MA-L,44F459,"Samsung Electronics Co.,Ltd","#94-1, Imsoo-Dong Gumi Gyeongbuk KR 730-350 "
MA-L,00265D,"Samsung Electronics Co.,Ltd","#94-1, Imsoo-Dong Gumi Gyeongbuk KR 730-350 "
MA-L,002567,"Samsung Electronics Co.,Ltd","#94-1, Imsoo-Dong Gumi Gyeongbuk KR 730-350 "
MA-L,BCB1F3,"Samsung Electronics Co.,Ltd","#94-1, Imsoo-Dong Gumi Gyeongbuk KR 730-350 "
MA-L,5C0A5B,"SAMSUNG ELECTRO MECHANICS CO., LTD.","314, Maetan3-Dong, Yeongtong-Gu Suwon  US 443-743 "
MA-L,000278,"SAMSUNG ELECTRO MECHANICS CO., LTD.","314, Mae-tan-dong, Suwon Suwon KR KOREA "
MA-L,002399,"Samsung Electronics Co.,Ltd","416, Maetan-3dong, yeongtong-gu, Suwon-city suwon  KR 443-742 "
MA-L,7CF854,"Samsung Electronics Co.,Ltd","415, Maetan-3dong, Yeongtong-gu, Suwon-City Gyeonggi-do 443-742 Suwon  KR 443-742 "
MA-L,C4731E,"Samsung Electronics Co.,Ltd","416, Maetan 3dong, Yeongtong-Gu Suwon Gyeonggi-Do KR 443742 "
MA-L,001C43,"Samsung Electronics Co.,Ltd","#94-1, Imsoo-Dong Gumi Gyeongbuk KR 730-350 "
MA-L,0023D6,"Samsung Electronics Co.,Ltd","#94-1, Imsoo-Dong Gumi Gyeongbuk KR 730-350 "
MA-L,001B98,"Samsung Electronics Co.,Ltd","#94-1, Imsoo-Dong GUMI Gyeong-Buk KR 730-350 "
MA-L,EC1F72,SAMSUNG ELECTRO-MECHANICS(THAILAND),93 Moo5T. Bangsamak Bangpakong Chachoengsao TH 24180 
MA-L,14F42A,"Samsung Electronics Co.,Ltd","#94-1, Imsoo-Dong Gumi Gyeongbuk KR 730-350 "
MA-L,0808C2,"Samsung Electronics Co.,Ltd","#94-1, Imsoo-Dong Gumi Gyeongbuk KR 730-350 "
MA-L,CCFE3C,"Samsung Electronics Co.,Ltd","#94-1, Imsoo-Dong Gumi Gyeongbuk KR 730-350 "
MA-L,28BAB5,"Samsung Electronics Co.,Ltd","#94-1,Imsoo-Dong Gumi Gyeongbuk KR 730-350 "
MA-L,E440E2,"Samsung Electronics Co.,Ltd","#94-1,Imsoo-Dong Gumi Gyeongbuk KR 730-350 "
MA-L,103B59,"Samsung Electronics Co.,Ltd","#94-1,Imsoo-Dong Gumi Gyeongbuk KR 730-350 "
MA-L,D890E8,"Samsung Electronics Co.,Ltd","#94-1,Imsoo-Dong Gumi Gyeongbuk KR 730-350 "
MA-L,E4121D,"Samsung Electronics Co.,Ltd","#94-1,Imsoo-Dong Gumi Gyeongbuk KR 730-350 "
MA-L,E8508B,SAMSUNG ELECTRO-MECHANICS(THAILAND),93Moo5T. Bangsamak Bangpakong Chachoengsao TH 24180 
MA-L,F8042E,SAMSUNG ELECTRO-MECHANICS(THAILAND),93Moo5T. Bangsamak Bangpakong Chachoengsao TH 24180 
MA-L,1C62B8,"Samsung Electronics Co.,Ltd","#94-1, Imsoo-Dong Gumi Gyeongbuk KR 730-350 "
MA-L,CCF9E8,"Samsung Electronics Co.,Ltd","#94-1, Imsoo-Dong Gumi Gyeongbuk KR 730-350 "
MA-L,D857EF,"Samsung Electronics Co.,Ltd","#94-1, Imsoo-Dong Gumi Gyeongbuk KR 730-350 "
MA-L,18E2C2,"Samsung Electronics Co.,Ltd","#94-1, Imsoo-Dong Gumi Gyeongbuk KR 730-350 "
MA-L,9852B1,"Samsung Electronics Co.,Ltd","#94-1, Imsoo-Dong Gumi Gyeongbuk KR 730-350 "
MA-L,C462EA,"Samsung Electronics Co.,Ltd","#94-1,Imsoo-Dong Gumi Gyeongbuk KR 730-350 "
MA-L,182666,"Samsung Electronics Co.,Ltd","#94-1,Imsoo-Dong Gumi Gyeongbuk KR 730-350 "
MA-L,30D6C9,"Samsung Electronics Co.,Ltd","#94-1,Imsoo-Dong Gumi Gyeongbuk KR 730-350 "
MA-L,CC07AB,"Samsung Electronics Co.,Ltd","#94-1,Imsoo-Dong Gumi Gyeongbuk KR 730-350 "
MA-L,B43A28,"Samsung Electronics Co.,Ltd","#94-1,Imsoo-Dong Gumi Gyeongbuk KR 730-350 "
MA-L,78A873,"Samsung Electronics Co.,Ltd","#94-1,Imsoo-Dong Gumi Gyeongbuk KR 730-350 "
MA-L,0821EF,"Samsung Electronics Co.,Ltd","#94-1, Imsoo-Dong Gumi Gyeongbuk KR 730-350 "
MA-L,34145F,"Samsung Electronics Co.,Ltd","#94-1, Imsoo-Dong Gumi Gyeongbuk KR 730-350 "
MA-L,845181,"Samsung Electronics Co.,Ltd","#94-1,Imsoo-Dong Gumi Gyeongbuk KR 730-350 "
MA-L,78009E,"Samsung Electronics Co.,Ltd","#94-1, Imsoo-Dong Gumi Gyeongbuk KR 730-350 "
MA-L,ACC33A,"Samsung Electronics Co.,Ltd","#94-1, Imsoo-Dong Gumi Gyeongbuk KR 730-350 "
MA-L,54F201,"Samsung Electronics Co.,Ltd","#94-1, Imsoo-Dong Gumi Gyeongbuk KR 730-350 "
MA-L,70288B,"Samsung Electronics Co.,Ltd","#94-1, Imsoo-Dong Gumi Gyeongbuk KR 730-350 "
MA-L,348A7B,"Samsung Electronics Co.,Ltd","#94-1, Imsoo-Dong Gumi Gyeongbuk KR 730-350 "
MA-L,1C3ADE,"Samsung Electronics Co.,Ltd","129, Samsung-ro, Youngtongl-Gu Suwon Gyeonggi-Do KR 16677 "
MA-L,509EA7,"Samsung Electronics Co.,Ltd","#94-1, Imsoo-Dong Gumi Gyeongbuk KR 730-350 "
MA-L,A88195,"Samsung Electronics Co.,Ltd","#94-1, Imsoo-Dong Gumi Gyeongbuk KR 730-350 "
MA-L,88ADD2,"Samsung Electronics Co.,Ltd","#94-1, Imsoo-Dong Gumi Gyeongbuk KR 730-350 "
MA-L,AC5F3E,SAMSUNG ELECTRO-MECHANICS(THAILAND),"93Moo5T. Bangsamak SEMTHAI, WELLGROW INDUSTRIAL ESTATE Bangpakong Chachoengsao TH 24180 "
MA-L,50F520,"Samsung Electronics Co.,Ltd","#94-1,Imsoo-Dong Gumi Gyeongbuk KR 730-350 "
MA-L,64B310,"Samsung Electronics Co.,Ltd","#94-1,Imsoo-Dong Gumi Gyeongbuk KR 730-350 "
MA-L,A4EBD3,"Samsung Electronics Co.,Ltd","#94-1,Imsoo-Dong Gumi Gyeongbuk KR 730-350 "
MA-L,B8C68E,"Samsung Electronics Co.,Ltd","#94-1,Imsoo-Dong Gumi Gyeongbuk KR 730-350 "
MA-L,04FE31,"Samsung Electronics Co.,Ltd","#94-1,Imsoo-Dong Gumi Gyeongbuk KR 730-350 "
MA-L,4CBCA5,"Samsung Electronics Co.,Ltd","#94-1,Imsoo-Dong Gumi Gyeongbuk KR 730-350 "
MA-L,D831CF,"Samsung Electronics Co.,Ltd","#94-1,Imsoo-Dong Gumi Gyeongbuk KR 730-350 "
MA-L,B0D09C,"Samsung Electronics Co.,Ltd","#94-1,Imsoo-Dong Gumi Gyeongbuk KR 730-350 "
MA-L,50C8E5,"Samsung Electronics Co.,Ltd","#94-1,Imsoo-Dong Gumi Gyeongbuk KR 730-350 "
MA-L,188331,"Samsung Electronics Co.,Ltd","#94-1, Imsoo-Dong Gumi Gyeongbuk KR 730-350 "
MA-L,9C65B0,"Samsung Electronics Co.,Ltd","#94-1, Imsoo-Dong Gumi Gyeongbuk KR 730-350 "
MA-L,8455A5,"Samsung Electronics Co.,Ltd","#94-1, Imsoo-Dong Gumi Gyeongbuk KR 730-350 "
MA-L,A87C01,"Samsung Electronics Co.,Ltd","#94-1, Imsoo-Dong Gumi Gyeongbuk KR 730-350 "
MA-L,5CF6DC,"Samsung Electronics Co.,Ltd","129, Samsung-ro, Youngtongl-Gu Suwon Gyeonggi-Do KR 16677 "
MA-L,48137E,"Samsung Electronics Co.,Ltd","#94-1, Imsoo-Dong Gumi Gyeongbuk KR 730-350 "
MA-L,382DE8,"Samsung Electronics Co.,Ltd","#94-1, Imsoo-Dong Gumi Gyeongbuk KR 730-350 "
MA-L,C08997,"Samsung Electronics Co.,Ltd","#94-1, Imsoo-Dong Gumi Gyeongbuk KR 730-350 "
MA-L,380195,"Samsung Electronics Co.,Ltd","129, Samsung-ro, Youngtongl-Gu Suwon Gyeonggi-Do KR 16677 "
MA-L,1816C9,"Samsung Electronics Co.,Ltd","129, Samsung-ro, Youngtongl-Gu Suwon Gyeonggi-Do KR 16677 "
MA-L,842E27,"Samsung Electronics Co.,Ltd","#94-1, Imsoo-Dong Gumi Gyeongbuk KR 730-350 "
MA-L,E0DB10,"Samsung Electronics Co.,Ltd","#94-1, Imsoo-Dong Gumi Gyeongbuk KR 730-350 "
MA-L,1432D1,"Samsung Electronics Co.,Ltd","#94-1, Imsoo-Dong Gumi Gyeongbuk KR 730-350 "
MA-L,9000DB,"Samsung Electronics Co.,Ltd","#94-1, Imsoo-Dong Gumi Gyeongbuk KR 730-350 "
MA-L,B4EF39,"Samsung Electronics Co.,Ltd","#94-1, Imsoo-Dong Gumi Gyeongbuk KR 730-350 "
MA-L,183A2D,"Samsung Electronics Co.,Ltd","#94-1, Imsoo-Dong Gumi Gyeongbuk KR 730-350 "
MA-L,6C2F2C,"Samsung Electronics Co.,Ltd","#94-1, Imsoo-Dong Gumi Gyeongbuk KR 730-350 "
MA-L,206E9C,"Samsung Electronics Co.,Ltd","#94-1, Imsoo-Dong Gumi Gyeongbuk KR 730-350 "
MA-L,18227E,"Samsung Electronics Co.,Ltd","#94-1, Imsoo-Dong Gumi Gyeongbuk KR 730-350 "
MA-L,30C7AE,"Samsung Electronics Co.,Ltd","#94-1, Imsoo-Dong Gumi Gyeongbuk KR 730-350 "
MA-L,CC3A61,"SAMSUNG ELECTRO MECHANICS CO., LTD.","314, Maetan3-Dong, Yeongtong-Gu Suwon Gyunggi-Do US 443-743 "
MA-L,000DAE,"SAMSUNG HEAVY INDUSTRIES CO., LTD.","493, Banweol-Ri, Taean-Eup Hwaseong-City Kyeonggi-Do KR 445-973 "
MA-L,F4DD06,"Samsung Electronics Co.,Ltd","129, Samsung-ro, Youngtongl-Gu Suwon Gyeonggi-Do KR 16677 "
MA-L,A4A490,"Samsung Electronics Co.,Ltd","#94-1, Imsoo-Dong Gumi Gyeongbuk KR 730-350 "
MA-L,B8A825,"Samsung Electronics Co.,Ltd","#94-1, Imsoo-Dong Gumi Gyeongbuk KR 730-350 "
MA-L,CCF9F0,"Samsung Electronics Co.,Ltd","#94-1, Imsoo-Dong Gumi Gyeongbuk KR 730-350 "
MA-L,DCC49C,"Samsung Electronics Co.,Ltd","#94-1, Imsoo-Dong Gumi Gyeongbuk KR 730-350 "
MA-L,34E3FB,"Samsung Electronics Co.,Ltd","#94-1, Imsoo-Dong Gumi Gyeongbuk KR 730-350 "
Registry,Assignment,Organization Name,Organization Address
